学校ID,学校名称,年份,录取批次,招生类型,专业组,选科要求,最低分,最低位次,专业名称,专业最低分,专业最低位次,数据来源URL
30,北京工业大学北京朝阳区,2025,本科批,普通类,专业组（501）,首选物理，再选化学,587,13605,,,,https://www.gaokao.cn/school/30/provinceline?fromcoop=bdkp
30,北京工业大学北京朝阳区,2025,本科批,中外合作办学,专业组（502）,首选物理，再选化学,592,11791,,,,https://www.gaokao.cn/school/30/provinceline?fromcoop=bdkp
30,北京工业大学北京朝阳区,2025,本科批,国家专项,专业组（561）,首选物理，再选化学,563,26025,,,,https://www.gaokao.cn/school/30/provinceline?fromcoop=bdkp
30,北京工业大学北京朝阳区,,,,,首选物理，再选化学,,,软件工程（中外合作办学）（外语成绩不低于：110分）,595,10679,https://www.gaokao.cn/school/30/provinceline?fromcoop=bdkp
30,北京工业大学北京朝阳区,,,,,首选物理，再选化学,,,数字媒体技术,593,11195,https://www.gaokao.cn/school/30/provinceline?fromcoop=bdkp
30,北京工业大学北京朝阳区,,,,,首选物理，再选化学,,,物联网工程（中外合作办学）（外语成绩不低于：110分）,592,11791,https://www.gaokao.cn/school/30/provinceline?fromcoop=bdkp
30,北京工业大学北京朝阳区,,,,,首选物理，再选化学,,,建筑学（不招色盲、色弱考生）,587,13605,https://www.gaokao.cn/school/30/provinceline?fromcoop=bdkp
30,北京工业大学北京朝阳区,,,,,首选物理，再选化学,,,土木类（国家专项）（土木工程、给排水科学与工程、建筑环境与能源应用工程）（不招色盲考生）,563,26025,https://www.gaokao.cn/school/30/provinceline?fromcoop=bdkp
31,北京大学北京海淀区,2025,本科批,普通类,专业组（501）,首选物理，再选化学,673,52,,,,https://www.gaokao.cn/school/31/provinceline?fromcoop=bdkp
31,北京大学北京海淀区,2025,本科批,国家专项,专业组（562）,首选物理，再选化学,664,185,,,,https://www.gaokao.cn/school/31/provinceline?fromcoop=bdkp
31,北京大学北京海淀区,2025,本科批,国家专项,专业组（561）,首选物理，再选不限,661,256,,,,https://www.gaokao.cn/school/31/provinceline?fromcoop=bdkp
31,北京大学北京海淀区,,,,,首选物理，再选化学,,,理科试验班类（元培）（数学类、物理学类、地球物理学类、计算机类、电子信息类）,684,7,https://www.gaokao.cn/school/31/provinceline?fromcoop=bdkp
31,北京大学北京海淀区,,,,,首选物理，再选化学,,,计算机类（计算机科学与技术、智能科学与技术）,677,29,https://www.gaokao.cn/school/31/provinceline?fromcoop=bdkp
31,北京大学北京海淀区,,,,,首选物理，再选化学,,,数学类（数学与应用数学（数学）、数学与应用数学（概率统计）、数学与应用数学（科学与工程计算）、数学与应用数学（信息科学）、数学与应用数学（金融））,676,33,https://www.gaokao.cn/school/31/provinceline?fromcoop=bdkp
31,北京大学北京海淀区,,,,,首选物理，再选化学,,,物理学类（物理学、大气科学（大气与海洋））,673,49,https://www.gaokao.cn/school/31/provinceline?fromcoop=bdkp
31,北京大学北京海淀区,,,,,首选物理，再选化学,,,电子信息类（电子信息科学与技术、微电子科学与工程）,673,48,https://www.gaokao.cn/school/31/provinceline?fromcoop=bdkp
32,内蒙古大学内蒙古呼和浩特市,2025,本科批,普通类,专业组（503）,首选物理，再选不限,577,18278,,,,https://www.gaokao.cn/school/32/provinceline?fromcoop=bdkp
32,内蒙古大学内蒙古呼和浩特市,2025,本科批,普通类,专业组（505）,首选物理，再选化学,570,21883,,,,https://www.gaokao.cn/school/32/provinceline?fromcoop=bdkp
32,内蒙古大学内蒙古呼和浩特市,2025,本科批,普通类,专业组（501）,首选物理，再选不限,565,24535,,,,https://www.gaokao.cn/school/32/provinceline?fromcoop=bdkp
32,内蒙古大学内蒙古呼和浩特市,2025,本科批,普通类,专业组（502）,首选物理，再选化学,563,25790,,,,https://www.gaokao.cn/school/32/provinceline?fromcoop=bdkp
32,内蒙古大学内蒙古呼和浩特市,2025,本科批,普通类,专业组（504）,首选物理，再选化学,561,27409,,,,https://www.gaokao.cn/school/32/provinceline?fromcoop=bdkp
32,内蒙古大学内蒙古呼和浩特市,,,,,首选物理，再选不限,,,会计学（内蒙古自治区呼和浩特市）（不能准确识别红、黄、绿、蓝、紫各种颜色中任何一种颜色的导线、按键、信号灯、几何图形者不予录取）,577,18278,https://www.gaokao.cn/school/32/provinceline?fromcoop=bdkp
32,内蒙古大学内蒙古呼和浩特市,,,,,首选物理，再选化学,,,电子科学与技术（内蒙古自治区呼和浩特市）,575,19353,https://www.gaokao.cn/school/32/provinceline?fromcoop=bdkp
32,内蒙古大学内蒙古呼和浩特市,,,,,首选物理，再选化学,,,数学与应用数学（内蒙古自治区呼和浩特市）,574,19650,https://www.gaokao.cn/school/32/provinceline?fromcoop=bdkp
32,内蒙古大学内蒙古呼和浩特市,,,,,首选物理，再选化学,,,电子信息类（内蒙古自治区呼和浩特市）（通信工程、电子信息科学与技术、自动化）,572,20977,https://www.gaokao.cn/school/32/provinceline?fromcoop=bdkp
32,内蒙古大学内蒙古呼和浩特市,,,,,首选物理，再选化学,,,物理学类（内蒙古自治区呼和浩特市）（物理学、应用物理学）,571,21530,https://www.gaokao.cn/school/32/provinceline?fromcoop=bdkp
33,大连海事大学辽宁大连市,2025,本科批,普通类,专业组（503）,首选物理，再选化学,580,16848,,,,https://www.gaokao.cn/school/33/provinceline?fromcoop=bdkp
33,大连海事大学辽宁大连市,2025,本科批,普通类,专业组（502）,首选物理，再选不限,570,21768,,,,https://www.gaokao.cn/school/33/provinceline?fromcoop=bdkp
33,大连海事大学辽宁大连市,2025,本科提前批,普通类,专业组（501）,首选物理，再选化学,568,23330,,,,https://www.gaokao.cn/school/33/provinceline?fromcoop=bdkp
33,大连海事大学辽宁大连市,2025,高校专项计划批,高校专项计划,专业组（506）,首选物理，再选化学,574,20026,,,,https://www.gaokao.cn/school/33/provinceline?fromcoop=bdkp
33,大连海事大学辽宁大连市,2025,高校专项计划批,高校专项计划,专业组（505）,首选物理，再选不限,571,21654,,,,https://www.gaokao.cn/school/33/provinceline?fromcoop=bdkp
33,大连海事大学辽宁大连市,,,,,首选物理，再选化学,,,自动化类（自动化、电气工程及其自动化、测控技术与仪器）,592,11724,https://www.gaokao.cn/school/33/provinceline?fromcoop=bdkp
33,大连海事大学辽宁大连市,,,,,首选物理，再选化学,,,计算机类（计算机科学与技术、软件工程、数据科学与大数据技术、网络工程、智能科学与技术）,589,13003,https://www.gaokao.cn/school/33/provinceline?fromcoop=bdkp
33,大连海事大学辽宁大连市,,,,,首选物理，再选化学,,,电子信息类（电子信息工程、电子信息科学与技术、通信工程、光电信息科学与工程）,585,14514,https://www.gaokao.cn/school/33/provinceline?fromcoop=bdkp
33,大连海事大学辽宁大连市,,,,,首选物理，再选化学,,,物联网工程,583,15491,https://www.gaokao.cn/school/33/provinceline?fromcoop=bdkp
33,大连海事大学辽宁大连市,,,,,首选物理，再选化学,,,机械类（机械设计制造及其自动化、船舶与海洋工程、能源与动力工程、救助与打捞工程（海洋智能装备））,581,16161,https://www.gaokao.cn/school/33/provinceline?fromcoop=bdkp
34,哈尔滨工业大学黑龙江哈尔滨市,2025,本科批,普通类,专业组（503）,首选物理，再选化学,658,326,,,,https://www.gaokao.cn/school/34/provinceline?fromcoop=bdkp
34,哈尔滨工业大学黑龙江哈尔滨市,2025,本科批,普通类,专业组（504）,首选物理，再选化学,651,566,,,,https://www.gaokao.cn/school/34/provinceline?fromcoop=bdkp
34,哈尔滨工业大学黑龙江哈尔滨市,2025,本科批,国家专项,专业组（561）,首选物理，再选化学,612,5443,,,,https://www.gaokao.cn/school/34/provinceline?fromcoop=bdkp
34,哈尔滨工业大学黑龙江哈尔滨市,2025,本科批,中外合作办学,专业组（505）,首选物理，再选化学,610,6070,,,,https://www.gaokao.cn/school/34/provinceline?fromcoop=bdkp
34,哈尔滨工业大学黑龙江哈尔滨市,2025,本科批,中外合作办学,专业组（506）,首选物理，再选化学,607,6783,,,,https://www.gaokao.cn/school/34/provinceline?fromcoop=bdkp
34,哈尔滨工业大学黑龙江哈尔滨市,,,,,首选物理，再选化学,,,工科试验班（黑龙江省哈尔滨市）（尖班）（自动化、人工智能、复合材料与工程、工程力学、材料科学与工程、机械设计制造及其自动化、机器人工程、飞行器制造工程、环境工程、精密仪器、测控技术与仪器、智能材料与结构、智能装备与系统、土木工程）（院士相关研究领域专业任选。院士与学生2年双重画像互选，培养方式详见学校招生官网）,658,326,https://www.gaokao.cn/school/34/provinceline?fromcoop=bdkp
34,哈尔滨工业大学黑龙江哈尔滨市,,,,,首选物理，再选化学,,,工科试验班（黑龙江省哈尔滨市）（院士特色班）（通信工程、电子信息工程、信息对抗技术、智能科学与技术、自动化、智能装备与系统、飞行器设计与工程、复合材料与工程、工程力学、智能材料与结构、材料科学与工程、焊接技术与工程、飞行器制造工程、机器人工程、机械设计制造及其自动化、智能制造工程、仿生科学与工程）（含永坦班、善义班、小卫星班、智能机器人班，院士担任班主任，相关领域内专业任选）,653,468,https://www.gaokao.cn/school/34/provinceline?fromcoop=bdkp
34,哈尔滨工业大学黑龙江哈尔滨市,,,,,首选物理，再选化学,,,工科试验班（黑龙江省哈尔滨市）（自主智能系统院士特色班）（自动化、人工智能、探测制导与控制技术、智能装备与系统、机器人工程）（院士担任班主任，培养地点：哈尔滨+上海（夏季学期））,653,482,https://www.gaokao.cn/school/34/provinceline?fromcoop=bdkp
34,哈尔滨工业大学黑龙江哈尔滨市,,,,,首选物理，再选化学,,,工科试验班（黑龙江省哈尔滨市）（AI院士特色班）（人工智能）（院士担任班主任，培养地点第1年校本部，后3年深圳校区）,653,476,https://www.gaokao.cn/school/34/provinceline?fromcoop=bdkp
34,哈尔滨工业大学黑龙江哈尔滨市,,,,,首选物理，再选化学,,,工科试验班（黑龙江省哈尔滨市）（未来技术拔尖班）（自动化、人工智能、计算机科学与技术、通信工程、电子信息工程、飞行器设计与工程、机器人工程、焊接技术与工程、电气工程及其自动化、复合材料与工程、智能材料与结构、集成电路设计与集成系统、微电子科学与工程、智能视觉工程、探测制导与控制技术、智能装备与系统、信息对抗技术、智能科学与技术、机械设计制造及其自动化、飞行器制造工程、智能制造工程、仿生科学与工程、光电信息材料与器件、飞行器动力工程、精密仪器、智能感知工程、测控技术与仪器、软件工程）（校本部理工专业任选，未来技术学院培养、书院制管理，采用“一生一策’拔尖培养）,651,566,https://www.gaokao.cn/school/34/provinceline?fromcoop=bdkp
35,云南大学云南昆明市,2025,本科批,普通类,专业组（504）,首选物理，再选化学、生物(2科必选),585,14471,,,,https://www.gaokao.cn/school/35/provinceline?fromcoop=bdkp
35,云南大学云南昆明市,2025,本科批,普通类,专业组（502）,首选物理，再选化学,572,20838,,,,https://www.gaokao.cn/school/35/provinceline?fromcoop=bdkp
35,云南大学云南昆明市,2025,本科批,普通类,专业组（506）,首选物理，再选思想政治,566,24479,,,,https://www.gaokao.cn/school/35/provinceline?fromcoop=bdkp
35,云南大学云南昆明市,2025,本科批,普通类,专业组（501）,首选物理，再选不限,564,25475,,,,https://www.gaokao.cn/school/35/provinceline?fromcoop=bdkp
35,云南大学云南昆明市,2025,本科批,普通类,专业组（507）,首选物理，再选地理,541,42167,,,,https://www.gaokao.cn/school/35/provinceline?fromcoop=bdkp
35,云南大学云南昆明市,,,,,首选物理，再选化学、生物(2科必选),,,计算机科学与技术,593,11300,https://www.gaokao.cn/school/35/provinceline?fromcoop=bdkp
35,云南大学云南昆明市,,,,,首选物理，再选化学、生物(2科必选),,,软件工程（第三、四学年学费12000元/年）,593,11328,https://www.gaokao.cn/school/35/provinceline?fromcoop=bdkp
35,云南大学云南昆明市,,,,,首选物理，再选化学、生物(2科必选),,,智能科学与技术,592,11546,https://www.gaokao.cn/school/35/provinceline?fromcoop=bdkp
35,云南大学云南昆明市,,,,,首选物理，再选化学、生物(2科必选),,,数据科学与大数据技术,591,12118,https://www.gaokao.cn/school/35/provinceline?fromcoop=bdkp
35,云南大学云南昆明市,,,,,首选物理，再选化学、生物(2科必选),,,电子信息工程,587,13726,https://www.gaokao.cn/school/35/provinceline?fromcoop=bdkp
36,长安大学陕西西安市,2025,本科批,普通类,专业组（502）,首选物理，再选化学,579,17462,,,,https://www.gaokao.cn/school/36/provinceline?fromcoop=bdkp
36,长安大学陕西西安市,2025,本科批,普通类,专业组（501）,首选物理，再选不限,567,23864,,,,https://www.gaokao.cn/school/36/provinceline?fromcoop=bdkp
36,长安大学陕西西安市,2025,本科批,国家专项,专业组（562）,首选物理，再选化学,566,24068,,,,https://www.gaokao.cn/school/36/provinceline?fromcoop=bdkp
36,长安大学陕西西安市,2025,本科批,中外合作办学,专业组（503）,首选物理，再选化学,566,23955,,,,https://www.gaokao.cn/school/36/provinceline?fromcoop=bdkp
36,长安大学陕西西安市,2025,本科批,国家专项,专业组（561）,首选物理，再选不限,553,32930,,,,https://www.gaokao.cn/school/36/provinceline?fromcoop=bdkp
36,长安大学陕西西安市,,,,,首选物理，再选化学,,,电气工程及其自动化,599,9084,https://www.gaokao.cn/school/36/provinceline?fromcoop=bdkp
36,长安大学陕西西安市,,,,,首选物理，再选化学,,,工科试验班（智能车辆长安学堂计划）（智能车辆工程）,598,9416,https://www.gaokao.cn/school/36/provinceline?fromcoop=bdkp
36,长安大学陕西西安市,,,,,首选物理，再选化学,,,自动化类（自动化、机器人工程）,597,9944,https://www.gaokao.cn/school/36/provinceline?fromcoop=bdkp
36,长安大学陕西西安市,,,,,首选物理，再选化学,,,工科试验班（计算机长安学堂计划）（计算机科学与技术）,597,9731,https://www.gaokao.cn/school/36/provinceline?fromcoop=bdkp
36,长安大学陕西西安市,,,,,首选物理，再选化学,,,工科试验班（华为班）（道路桥梁与渡河工程、交通工程、交通运输、车辆工程、物流工程）,597,9866,https://www.gaokao.cn/school/36/provinceline?fromcoop=bdkp
37,西北大学陕西西安市,2025,本科批,普通类,专业组（502）,首选物理，再选化学,594,10929,,,,https://www.gaokao.cn/school/37/provinceline?fromcoop=bdkp
37,西北大学陕西西安市,2025,本科批,普通类,专业组（501）,首选物理，再选不限,582,16114,,,,https://www.gaokao.cn/school/37/provinceline?fromcoop=bdkp
37,西北大学陕西西安市,2025,本科批,普通类,专业组（503）,首选物理，再选化学,572,20739,,,,https://www.gaokao.cn/school/37/provinceline?fromcoop=bdkp
37,西北大学陕西西安市,,,,,首选物理，再选化学,,,临床医学,594,10929,https://www.gaokao.cn/school/37/provinceline?fromcoop=bdkp
37,西北大学陕西西安市,,,,,首选物理，再选化学,,,化学（国家拔尖学生培养基地）,589,12785,https://www.gaokao.cn/school/37/provinceline?fromcoop=bdkp
37,西北大学陕西西安市,,,,,首选物理，再选不限,,,经济学（数理经济实验班）,583,15280,https://www.gaokao.cn/school/37/provinceline?fromcoop=bdkp
37,西北大学陕西西安市,,,,,首选物理，再选不限,,,信息管理与信息系统（数据科学与智能管理方向）,582,16114,https://www.gaokao.cn/school/37/provinceline?fromcoop=bdkp
37,西北大学陕西西安市,,,,,首选物理，再选化学,,,计算机类（计算机科学与技术、物联网工程、软件工程）,581,16193,https://www.gaokao.cn/school/37/provinceline?fromcoop=bdkp
38,北京交通大学北京海淀区,2025,本科批,普通类,专业组（501）,首选物理，再选化学,622,3391,,,,https://www.gaokao.cn/school/38/provinceline?fromcoop=bdkp
38,北京交通大学北京海淀区,2025,本科批,普通类,专业组（502）,首选物理，再选化学,620,3706,,,,https://www.gaokao.cn/school/38/provinceline?fromcoop=bdkp
38,北京交通大学北京海淀区,2025,本科批,普通类,专业组（503）,首选物理，再选化学,611,5892,,,,https://www.gaokao.cn/school/38/provinceline?fromcoop=bdkp
38,北京交通大学北京海淀区,2025,本科批,国家专项,专业组（562）,首选物理，再选不限,587,13760,,,,https://www.gaokao.cn/school/38/provinceline?fromcoop=bdkp
38,北京交通大学北京海淀区,2025,本科批,国家专项,专业组（561）,首选物理，再选不限,578,17591,,,,https://www.gaokao.cn/school/38/provinceline?fromcoop=bdkp
38,北京交通大学北京海淀区,,,,,首选物理，再选化学,,,理科试验班类（詹天佑试点班信息类）（通信工程、计算机科学与技术、信息安全）（特殊培养方案，详见学校招生网站）,622,3391,https://www.gaokao.cn/school/38/provinceline?fromcoop=bdkp
38,北京交通大学北京海淀区,,,,,首选物理，再选化学,,,理科试验班类（詹天佑试点班智能类）（轨道交通信号与控制、交通运输、测控技术与仪器、电气工程及其自动化）（特殊培养方案，详见学校招生网站）,620,3706,https://www.gaokao.cn/school/38/provinceline?fromcoop=bdkp
38,北京交通大学北京海淀区,,,,,首选物理，再选化学,,,计算机类（计算机科学与技术、计算机科学与技术（铁路信息技术）、物联网工程、数据科学与大数据技术（数据智能）、人工智能、人工智能（智能系统与应用）、软件工程（国家级特色化示范性软件学院）、数据科学与大数据技术、信息安全、保密技术（技术、管理双学位项目））（软件工程三、四年级学费为1.6万元）,613,5246,https://www.gaokao.cn/school/38/provinceline?fromcoop=bdkp
38,北京交通大学北京海淀区,,,,,首选物理，再选化学,,,交通运输类（交通运输（铁道运输）、交通运输（城市轨道交通）、交通运输（高铁运营管理）、交通运输（民航运输）、交通工程、智能运输工程、物流工程、电子商务）,613,5393,https://www.gaokao.cn/school/38/provinceline?fromcoop=bdkp
38,北京交通大学北京海淀区,,,,,首选物理，再选化学,,,自动化类（智能系统与智能制造）（轨道交通信号与控制、自动化、智能装备与系统、机器人工程、智能制造工程、智能车辆工程、测控技术与仪器）,611,5892,https://www.gaokao.cn/school/38/provinceline?fromcoop=bdkp
39,北京外国语大学北京海淀区,2025,本科批,普通类,专业组（503）,首选物理，再选化学,614,5018,,,,https://www.gaokao.cn/school/39/provinceline?fromcoop=bdkp
39,北京外国语大学北京海淀区,2025,本科批,普通类,专业组（502）,首选物理，再选不限,599,9063,,,,https://www.gaokao.cn/school/39/provinceline?fromcoop=bdkp
39,北京外国语大学北京海淀区,2025,本科批,普通类,专业组（504）,首选物理，再选思想政治,595,10496,,,,https://www.gaokao.cn/school/39/provinceline?fromcoop=bdkp
39,北京外国语大学北京海淀区,2025,本科提前批,综合评价,专业组（501）,首选物理，再选不限,592,11496,,,,https://www.gaokao.cn/school/39/provinceline?fromcoop=bdkp
39,北京外国语大学北京海淀区,2025,高校专项计划批,高校专项计划,专业组（505）,首选物理，再选不限,591,12269,,,,https://www.gaokao.cn/school/39/provinceline?fromcoop=bdkp
39,北京外国语大学北京海淀区,,,,,首选物理，再选化学,,,计算机科学与技术（数智技术）,614,5018,https://www.gaokao.cn/school/39/provinceline?fromcoop=bdkp
39,北京外国语大学北京海淀区,,,,,首选物理，再选不限,,,英语（北京理工大学信息管理与系统专业联培）（外语语种要求：英语）,601,8633,https://www.gaokao.cn/school/39/provinceline?fromcoop=bdkp
39,北京外国语大学北京海淀区,,,,,首选物理，再选不限,,,工商管理类（工商管理、会计学、电子商务（数字化运营与创新）、国际商务）,599,9063,https://www.gaokao.cn/school/39/provinceline?fromcoop=bdkp
39,北京外国语大学北京海淀区,,,,,首选物理，再选思想政治,,,外交学,595,10496,https://www.gaokao.cn/school/39/provinceline?fromcoop=bdkp
39,北京外国语大学北京海淀区,,,,,首选物理，再选不限,,,信息管理与信息系统（国家专项）（商务智能）,579,17076,https://www.gaokao.cn/school/39/provinceline?fromcoop=bdkp
40,中央音乐学院北京西城区,2023,提前本科批,普通类,333/-,,录取率,,,,,https://www.gaokao.cn/school/40/provinceline?fromcoop=bdkp
40,中央音乐学院北京西城区,,,,,,,,作曲与作曲技术理论,333,-,https://www.gaokao.cn/school/40/provinceline?fromcoop=bdkp
40,中央音乐学院北京西城区,,,,,,,,音乐表演,333,-,https://www.gaokao.cn/school/40/provinceline?fromcoop=bdkp
41,河北工业大学天津北辰区,2025,本科批,普通类,专业组（503）,首选物理，再选化学,581,16543,,,,https://www.gaokao.cn/school/41/provinceline?fromcoop=bdkp
41,河北工业大学天津北辰区,2025,本科批,普通类,专业组（502）,首选物理，再选化学,577,18458,,,,https://www.gaokao.cn/school/41/provinceline?fromcoop=bdkp
41,河北工业大学天津北辰区,2025,本科批,普通类,专业组（501）,首选物理，再选不限,566,24460,,,,https://www.gaokao.cn/school/41/provinceline?fromcoop=bdkp
41,河北工业大学天津北辰区,,,,,首选物理，再选化学,,,电气工程及其自动化,597,9724,https://www.gaokao.cn/school/41/provinceline?fromcoop=bdkp
41,河北工业大学天津北辰区,,,,,首选物理，再选化学,,,计算机科学与技术（单色识别不全不予录取）,587,13552,https://www.gaokao.cn/school/41/provinceline?fromcoop=bdkp
41,河北工业大学天津北辰区,,,,,首选物理，再选化学,,,通信工程,585,14786,https://www.gaokao.cn/school/41/provinceline?fromcoop=bdkp
41,河北工业大学天津北辰区,,,,,首选物理，再选化学,,,人工智能,585,14483,https://www.gaokao.cn/school/41/provinceline?fromcoop=bdkp
41,河北工业大学天津北辰区,,,,,首选物理，再选化学,,,应用物理学（色盲不予录取）,584,14906,https://www.gaokao.cn/school/41/provinceline?fromcoop=bdkp
42,武汉大学湖北武汉市,2025,本科批,普通类,专业组（502）,首选物理，再选化学,640,1254,,,,https://www.gaokao.cn/school/42/provinceline?fromcoop=bdkp
42,武汉大学湖北武汉市,2025,本科批,普通类,专业组（503）,首选物理，再选化学,631,2148,,,,https://www.gaokao.cn/school/42/provinceline?fromcoop=bdkp
42,武汉大学湖北武汉市,2025,本科批,普通类,专业组（504）,首选物理，再选化学,628,2557,,,,https://www.gaokao.cn/school/42/provinceline?fromcoop=bdkp
42,武汉大学湖北武汉市,2025,本科批,普通类,专业组（501）,首选物理，再选不限,628,2519,,,,https://www.gaokao.cn/school/42/provinceline?fromcoop=bdkp
42,武汉大学湖北武汉市,2025,本科批,普通类,专业组（505）,首选物理，再选化学,618,4295,,,,https://www.gaokao.cn/school/42/provinceline?fromcoop=bdkp
42,武汉大学湖北武汉市,,,,,首选物理，再选化学,,,计算机科学与技术（雷军班）（多元化培养）,662,228,https://www.gaokao.cn/school/42/provinceline?fromcoop=bdkp
42,武汉大学湖北武汉市,,,,,首选物理，再选化学,,,人工智能（自强班）,657,355,https://www.gaokao.cn/school/42/provinceline?fromcoop=bdkp
42,武汉大学湖北武汉市,,,,,首选物理，再选化学,,,口腔医学（八年医）,651,543,https://www.gaokao.cn/school/42/provinceline?fromcoop=bdkp
42,武汉大学湖北武汉市,,,,,首选物理，再选化学,,,软件工程（特软班）,647,729,https://www.gaokao.cn/school/42/provinceline?fromcoop=bdkp
42,武汉大学湖北武汉市,,,,,首选物理，再选化学,,,理科试验班（弘毅学堂）（数学与应用数学、物理学、化学、生物科学、智能制造工程、电气工程及其自动化、遥感科学与技术、数字经济）（含未来科技试验班（可全校任选专业，医学长学制除外）、数智经济试验班、健康科技试验班、智能制造与集成电路试验班、碳中和经济管理创新班，以及文科试验班（弘毅学堂）对应的各试验班）,641,1161,https://www.gaokao.cn/school/42/provinceline?fromcoop=bdkp
43,北京林业大学北京海淀区,2025,本科批,普通类,专业组（503）,首选物理，再选化学,590,12446,,,,https://www.gaokao.cn/school/43/provinceline?fromcoop=bdkp
43,北京林业大学北京海淀区,2025,本科批,普通类,专业组（507）,首选物理，再选地理,581,16493,,,,https://www.gaokao.cn/school/43/provinceline?fromcoop=bdkp
43,北京林业大学北京海淀区,2025,本科批,普通类,专业组（506）,首选物理，再选生物,578,17923,,,,https://www.gaokao.cn/school/43/provinceline?fromcoop=bdkp
43,北京林业大学北京海淀区,2025,本科批,普通类,专业组（504）,首选物理，再选化学,576,18886,,,,https://www.gaokao.cn/school/43/provinceline?fromcoop=bdkp
43,北京林业大学北京海淀区,2025,本科批,普通类,专业组（502）,首选物理，再选不限,574,19732,,,,https://www.gaokao.cn/school/43/provinceline?fromcoop=bdkp
43,北京林业大学北京海淀区,,,,,首选物理，再选化学,,,林学类（梁希实验班）（林学、森林保护）,602,8168,https://www.gaokao.cn/school/43/provinceline?fromcoop=bdkp
43,北京林业大学北京海淀区,,,,,首选物理，再选化学,,,电子信息科学与技术,597,9848,https://www.gaokao.cn/school/43/provinceline?fromcoop=bdkp
43,北京林业大学北京海淀区,,,,,首选物理，再选化学,,,自动化,595,10739,https://www.gaokao.cn/school/43/provinceline?fromcoop=bdkp
43,北京林业大学北京海淀区,,,,,首选物理，再选化学,,,电气工程及其自动化,595,10537,https://www.gaokao.cn/school/43/provinceline?fromcoop=bdkp
43,北京林业大学北京海淀区,,,,,首选物理，再选化学,,,计算机类（计算机科学与技术、数字媒体技术、数据科学与大数据技术）（18802）,595,10648,https://www.gaokao.cn/school/43/provinceline?fromcoop=bdkp
44,湖南大学湖南长沙市,2025,本科批,普通类,专业组（502）,首选物理，再选化学,617,4494,,,,https://www.gaokao.cn/school/44/provinceline?fromcoop=bdkp
44,湖南大学湖南长沙市,2025,本科批,普通类,专业组（501）,首选物理，再选不限,609,6260,,,,https://www.gaokao.cn/school/44/provinceline?fromcoop=bdkp
44,湖南大学湖南长沙市,2025,高校专项计划批,高校专项计划,专业组（503）,首选物理，再选不限,602,8354,,,,https://www.gaokao.cn/school/44/provinceline?fromcoop=bdkp
44,湖南大学湖南长沙市,2025,本科批,国家专项,专业组（561）,首选物理，再选不限,576,18950,,,,https://www.gaokao.cn/school/44/provinceline?fromcoop=bdkp
44,湖南大学湖南长沙市,,,,,首选物理，再选化学,,,电气工程及其自动化（包含电气工程及其自动化、自动化、电子信息工程、测控技术与仪器、储能科学与工程，专业分流时在上述专业内任选）,621,3677,https://www.gaokao.cn/school/44/provinceline?fromcoop=bdkp
44,湖南大学湖南长沙市,,,,,首选物理，再选化学,,,电子信息工程（包含电气工程及其自动化、自动化、电子信息工程、测控技术与仪器、储能科学与工程，专业分流时在上述专业内任选，入校后可选拔进入工科试验班（人工智能类））,621,3620,https://www.gaokao.cn/school/44/provinceline?fromcoop=bdkp
44,湖南大学湖南长沙市,,,,,首选物理，再选化学,,,电子科学与技术（入校后可选拔进入工科试验班（人工智能类））,620,3854,https://www.gaokao.cn/school/44/provinceline?fromcoop=bdkp
44,湖南大学湖南长沙市,,,,,首选物理，再选化学,,,计算机科学与技术（包含计算机科学与技术、软件工程，专业分流时在上述专业内任选，入校后可选拔进入工科试验班（人工智能类），该专业录取有体检要求，具体参见学校章程）,620,3753,https://www.gaokao.cn/school/44/provinceline?fromcoop=bdkp
44,湖南大学湖南长沙市,,,,,首选物理，再选化学,,,自动化（包含电气工程及其自动化、自动化、电子信息工程、测控技术与仪器、储能科学与工程，专业分流时在上述专业内任选）,619,4081,https://www.gaokao.cn/school/44/provinceline?fromcoop=bdkp
45,中央民族大学北京海淀区,2025,本科批,普通类,专业组（502）,首选物理，再选化学,599,9244,,,,https://www.gaokao.cn/school/45/provinceline?fromcoop=bdkp
45,中央民族大学北京海淀区,2025,本科批,普通类,专业组（501）,首选物理，再选不限,593,11203,,,,https://www.gaokao.cn/school/45/provinceline?fromcoop=bdkp
45,中央民族大学北京海淀区,2025,本科批,中外合作办学,专业组（503）,首选物理，再选化学,591,12098,,,,https://www.gaokao.cn/school/45/provinceline?fromcoop=bdkp
45,中央民族大学北京海淀区,2025,本科批,国家专项,专业组（561）,首选物理，再选化学,586,14199,,,,https://www.gaokao.cn/school/45/provinceline?fromcoop=bdkp
45,中央民族大学北京海淀区,,,,,首选物理，再选化学,,,电子信息类（电子信息工程、通信工程、人工智能）,603,7964,https://www.gaokao.cn/school/45/provinceline?fromcoop=bdkp
45,中央民族大学北京海淀区,,,,,首选物理，再选化学,,,计算机类（计算机科学与技术、软件工程、数据科学与大数据技术）,603,7791,https://www.gaokao.cn/school/45/provinceline?fromcoop=bdkp
45,中央民族大学北京海淀区,,,,,首选物理，再选化学,,,光电信息科学与工程,602,8345,https://www.gaokao.cn/school/45/provinceline?fromcoop=bdkp
45,中央民族大学北京海淀区,,,,,首选物理，再选化学,,,信息与计算科学,601,8375,https://www.gaokao.cn/school/45/provinceline?fromcoop=bdkp
45,中央民族大学北京海淀区,,,,,首选物理，再选化学,,,统计学类（统计学、应用统计学）,600,8919,https://www.gaokao.cn/school/45/provinceline?fromcoop=bdkp
46,中国人民大学北京海淀区,2025,本科批,普通类,专业组（501）,首选物理，再选不限,651,533,,,,https://www.gaokao.cn/school/46/provinceline?fromcoop=bdkp
46,中国人民大学北京海淀区,2025,本科批,普通类,专业组（502）,首选物理，再选化学,645,848,,,,https://www.gaokao.cn/school/46/provinceline?fromcoop=bdkp
46,中国人民大学北京海淀区,2025,本科批,国家专项,专业组（562）,首选物理，再选化学,628,2552,,,,https://www.gaokao.cn/school/46/provinceline?fromcoop=bdkp
46,中国人民大学北京海淀区,2025,本科批,国家专项,专业组（561）,首选物理，再选不限,619,3992,,,,https://www.gaokao.cn/school/46/provinceline?fromcoop=bdkp
46,中国人民大学北京海淀区,,,,,首选物理，再选化学,,,人工智能（北京市）（培养人工智能精英人才。学科实力和师资力量雄厚。长周期衔接培养，高质量中英文课程。本科生科研领航计划，全员配备学术导师，多位本科生发表国际论文。实践资源丰富，5个省部级实验室和研究中心，3个校企联合实验室，20+高端实践基地）,654,429,https://www.gaokao.cn/school/46/provinceline?fromcoop=bdkp
46,中国人民大学北京海淀区,,,,,首选物理，再选不限,,,法学（北京市）（含涉外法治战略人才班；国际交流：含哈佛大学、鲁汶大学、新加坡国立大学等院际交换项目，“亚洲校园+”项目（中日韩三国政府奖学金支持）、中欧欧洲法国际组织后备人才培养项目（国家留基委资助）等）,651,533,https://www.gaokao.cn/school/46/provinceline?fromcoop=bdkp
46,中国人民大学北京海淀区,,,,,首选物理，再选化学,,,理科试验班（北京市）（金融与大数据技术创新人才班）（金融工程（财政金融学院金融学与大数据技术双学位项目））（财政金融学院与信息学院共同培养，毕业获经济学、工学双主学士学位）,650,616,https://www.gaokao.cn/school/46/provinceline?fromcoop=bdkp
46,中国人民大学北京海淀区,,,,,首选物理，再选化学,,,理科试验班（北京市）（国民经济与数科创新人才班）数据科学与大数据技术（应用经济学院国民经济与数科双学位项目）（应用经济学院与统计学院共同培养，毕业获经济学、理学双主学士学位）,650,579,https://www.gaokao.cn/school/46/provinceline?fromcoop=bdkp
46,中国人民大学北京海淀区,,,,,首选物理，再选化学,,,计算机类（北京市）（计算机科学与技术、信息安全、数据科学与大数据技术、信息管理与信息系统）（依托教育部智能基座基地、拔尖基地2.0、一部六院项目；“大数据+人工智能”特色培养体系；无时点自主专业选择；全部国家级一流本科专业；国际合作：美国纽约州立大学宾汉姆顿分校双学位项目、英国曼彻斯特大学硕士项目等）,650,620,https://www.gaokao.cn/school/46/provinceline?fromcoop=bdkp
47,北京航空航天大学北京海淀区,2025,本科批,普通类,专业组（501）,首选物理，再选化学,648,714,,,,https://www.gaokao.cn/school/47/provinceline?fromcoop=bdkp
47,北京航空航天大学北京海淀区,2025,本科批,国家专项,专业组（561）,首选物理，再选化学,638,1448,,,,https://www.gaokao.cn/school/47/provinceline?fromcoop=bdkp
47,北京航空航天大学北京海淀区,2025,本科批,中外合作办学,专业组（502）,首选物理，再选化学,624,3090,,,,https://www.gaokao.cn/school/47/provinceline?fromcoop=bdkp
47,北京航空航天大学北京海淀区,,,,,首选物理，再选化学,,,工科试验班类（未来空天领军计划）（智能飞行器技术、智能感知工程、智能制造工程、空天智能电推进技术、飞行器设计与工程、飞行器动力工程、材料科学与工程、交通运输、智慧交通、人工智能、网络空间安全、空间科学与技术）（不录取无该专业志愿考生）,653,448,https://www.gaokao.cn/school/47/provinceline?fromcoop=bdkp
47,北京航空航天大学北京海淀区,,,,,首选物理，再选化学,,,人工智能（卓越人才培养试验班）,653,467,https://www.gaokao.cn/school/47/provinceline?fromcoop=bdkp
47,北京航空航天大学北京海淀区,,,,,首选物理，再选化学,,,微电子科学与工程（卓越人才培养试验班）,651,546,https://www.gaokao.cn/school/47/provinceline?fromcoop=bdkp
47,北京航空航天大学北京海淀区,,,,,首选物理，再选化学,,,工科试验班类（未来工程师项目制育人试验班）（包含人工智能、自动化、低空技术与工程、机器人工程、飞行器设计与工程、车辆工程、飞行器控制与信息工程、飞行器动力工程专业）,651,565,https://www.gaokao.cn/school/47/provinceline?fromcoop=bdkp
47,北京航空航天大学北京海淀区,,,,,首选物理，再选化学,,,飞行器动力工程（卓越人才培养试验班）,650,576,https://www.gaokao.cn/school/47/provinceline?fromcoop=bdkp
48,北京邮电大学北京海淀区,2025,本科批,普通类,专业组（502）,首选物理，再选化学,624,3114,,,,https://www.gaokao.cn/school/48/provinceline?fromcoop=bdkp
48,北京邮电大学北京海淀区,2025,本科批,元班专业组,专业组（501）,首选物理，再选化学,635,1722,,,,https://www.gaokao.cn/school/48/provinceline?fromcoop=bdkp
48,北京邮电大学北京海淀区,2025,本科批,国家专项,专业组（562）,首选物理，再选化学,618,4236,,,,https://www.gaokao.cn/school/48/provinceline?fromcoop=bdkp
48,北京邮电大学北京海淀区,2025,本科批,国家专项,专业组（561）,首选物理，再选不限,606,7115,,,,https://www.gaokao.cn/school/48/provinceline?fromcoop=bdkp
48,北京邮电大学北京海淀区,2025,本科批,中外合作办学,专业组（503）,首选物理，再选化学,605,7355,,,,https://www.gaokao.cn/school/48/provinceline?fromcoop=bdkp
48,北京邮电大学北京海淀区,,,,,首选物理，再选化学,,,计算机类（元班）（计算机科学与技术、网络空间安全）（未来学院“元班”实验班。一年级在沙河校区，二、三、四年级将根据学校规划安排在沙河校区或西土城路校区）,638,1396,https://www.gaokao.cn/school/48/provinceline?fromcoop=bdkp
48,北京邮电大学北京海淀区,,,,,首选物理，再选化学,,,电子信息类（元班）（通信工程、电子科学与技术）（未来学院“元班”实验班。一年级在沙河校区，二、三、四年级将根据学校规划安排在沙河校区或西土城路校区）,635,1722,https://www.gaokao.cn/school/48/provinceline?fromcoop=bdkp
48,北京邮电大学北京海淀区,,,,,首选物理，再选化学,,,计算机类（计算机科学与技术、网络工程、数据科学与大数据技术）（一年级在沙河校区，二、三、四年级将根据学校规划安排在沙河校区或西土城路校区）,628,2446,https://www.gaokao.cn/school/48/provinceline?fromcoop=bdkp
48,北京邮电大学北京海淀区,,,,,首选物理，再选化学,,,自动化类（智能机器人）（自动化、机器人工程、机械工程（数字智能））,628,2511,https://www.gaokao.cn/school/48/provinceline?fromcoop=bdkp
48,北京邮电大学北京海淀区,,,,,首选物理，再选化学,,,低空技术与工程（一年级在沙河校区，二、三、四年级将根据学校规划安排在沙河校区或西土城路校区）,625,2883,https://www.gaokao.cn/school/48/provinceline?fromcoop=bdkp
49,北京中医药大学北京朝阳区,2025,本科批,普通类,专业组（501）,首选物理，再选不限,592,11551,,,,https://www.gaokao.cn/school/49/provinceline?fromcoop=bdkp
49,北京中医药大学北京朝阳区,2025,本科批,普通类,专业组（502）,首选物理，再选化学,563,26233,,,,https://www.gaokao.cn/school/49/provinceline?fromcoop=bdkp
49,北京中医药大学北京朝阳区,2025,本科批,国家专项,专业组（562）,首选物理，再选化学,570,21782,,,,https://www.gaokao.cn/school/49/provinceline?fromcoop=bdkp
49,北京中医药大学北京朝阳区,2025,高校专项计划批,高校专项计划,专业组（W化）,首选物理，再选化学,567,23925,,,,https://www.gaokao.cn/school/49/provinceline?fromcoop=bdkp
49,北京中医药大学北京朝阳区,2025,本科批,国家专项,专业组（561）,首选物理，再选不限,564,25590,,,,https://www.gaokao.cn/school/49/provinceline?fromcoop=bdkp
49,北京中医药大学北京朝阳区,,,,,首选物理，再选化学,,,中医学（领军人才培养计划）（不招色盲、色弱考生）,619,4086,https://www.gaokao.cn/school/49/provinceline?fromcoop=bdkp
49,北京中医药大学北京朝阳区,,,,,首选物理，再选化学,,,中西医临床医学（华佗班）（不招色盲、色弱考生）,612,5684,https://www.gaokao.cn/school/49/provinceline?fromcoop=bdkp
49,北京中医药大学北京朝阳区,,,,,首选物理，再选化学,,,中医骨伤科学（不招色盲、色弱考生）,601,8682,https://www.gaokao.cn/school/49/provinceline?fromcoop=bdkp
49,北京中医药大学北京朝阳区,,,,,首选物理，再选化学,,,中医学（卓越5+3一体化）（不招色盲、色弱考生）,593,11496,https://www.gaokao.cn/school/49/provinceline?fromcoop=bdkp
49,北京中医药大学北京朝阳区,,,,,首选物理，再选化学,,,中药学（时珍国药班）（不招色盲、色弱考生）,593,11496,https://www.gaokao.cn/school/49/provinceline?fromcoop=bdkp
50,辽宁大学辽宁沈阳市,2025,本科批,普通类,专业组（502）,首选物理，再选不限,576,18880,,,,https://www.gaokao.cn/school/50/provinceline?fromcoop=bdkp
50,辽宁大学辽宁沈阳市,2025,本科批,普通类,专业组（50A）,首选物理，再选化学,570,21892,,,,https://www.gaokao.cn/school/50/provinceline?fromcoop=bdkp
50,辽宁大学辽宁沈阳市,2025,本科批,普通类,专业组（509）,首选物理，再选不限,568,22958,,,,https://www.gaokao.cn/school/50/provinceline?fromcoop=bdkp
50,辽宁大学辽宁沈阳市,2025,本科批,普通类,专业组（501）,首选物理，再选不限,564,25401,,,,https://www.gaokao.cn/school/50/provinceline?fromcoop=bdkp
50,辽宁大学辽宁沈阳市,2025,本科批,国家专项,专业组（562）,首选物理，再选化学,578,17735,,,,https://www.gaokao.cn/school/50/provinceline?fromcoop=bdkp
50,辽宁大学辽宁沈阳市,,,,,首选物理，再选化学,,,数学与应用数学（国家专项）,578,17735,https://www.gaokao.cn/school/50/provinceline?fromcoop=bdkp
50,辽宁大学辽宁沈阳市,,,,,首选物理，再选化学,,,微电子科学与工程,578,17660,https://www.gaokao.cn/school/50/provinceline?fromcoop=bdkp
50,辽宁大学辽宁沈阳市,,,,,首选物理，再选不限,,,经济统计学,577,18485,https://www.gaokao.cn/school/50/provinceline?fromcoop=bdkp
50,辽宁大学辽宁沈阳市,,,,,首选物理，再选不限,,,数字经济,576,18880,https://www.gaokao.cn/school/50/provinceline?fromcoop=bdkp
50,辽宁大学辽宁沈阳市,,,,,首选物理，再选化学,,,数据科学与大数据技术,575,19466,https://www.gaokao.cn/school/50/provinceline?fromcoop=bdkp
51,西南交通大学四川成都市,2025,本科批,普通类,专业组（501）,首选物理，再选化学,580,16576,,,,https://www.gaokao.cn/school/51/provinceline?fromcoop=bdkp
51,西南交通大学四川成都市,2025,本科批,国家专项,专业组（561）,首选物理，再选化学,569,22356,,,,https://www.gaokao.cn/school/51/provinceline?fromcoop=bdkp
51,西南交通大学四川成都市,,,,,首选物理，再选化学,,,计算机类（计算机科学与技术、软件工程）,610,6119,https://www.gaokao.cn/school/51/provinceline?fromcoop=bdkp
51,西南交通大学四川成都市,,,,,首选物理，再选化学,,,电气工程及其自动化,608,6499,https://www.gaokao.cn/school/51/provinceline?fromcoop=bdkp
51,西南交通大学四川成都市,,,,,首选物理，再选化学,,,自动化,606,7035,https://www.gaokao.cn/school/51/provinceline?fromcoop=bdkp
51,西南交通大学四川成都市,,,,,首选物理，再选化学,,,大功率半导体科学与工程,605,7423,https://www.gaokao.cn/school/51/provinceline?fromcoop=bdkp
51,西南交通大学四川成都市,,,,,首选物理，再选化学,,,交通运输类（交通运输、交通工程）,605,7265,https://www.gaokao.cn/school/51/provinceline?fromcoop=bdkp
52,北京师范大学北京海淀区,2025,本科批,普通类,专业组（503）,首选物理，再选化学,615,4895,,,,https://www.gaokao.cn/school/52/provinceline?fromcoop=bdkp
52,北京师范大学北京海淀区,2025,本科批,普通类,专业组（501）,首选物理，再选不限,613,5212,,,,https://www.gaokao.cn/school/52/provinceline?fromcoop=bdkp
52,北京师范大学北京海淀区,2025,本科批,普通类,专业组（504）,首选物理，再选思想政治,595,10452,,,,https://www.gaokao.cn/school/52/provinceline?fromcoop=bdkp
52,北京师范大学北京海淀区,2025,本科批,珠海校区,专业组（503）,首选物理，再选不限,612,5540,,,,https://www.gaokao.cn/school/52/provinceline?fromcoop=bdkp
52,北京师范大学北京海淀区,2025,本科批,珠海校区,专业组（504）,首选物理，再选化学,611,5691,,,,https://www.gaokao.cn/school/52/provinceline?fromcoop=bdkp
52,北京师范大学北京海淀区,,,,,首选物理，再选化学,,,心理学（北京师范大学-北京航空航天大学“心理学+人工智能”联合学士学位培养项目）,629,2332,https://www.gaokao.cn/school/52/provinceline?fromcoop=bdkp
52,北京师范大学北京海淀区,,,,,首选物理，再选化学,,,统计学（“经济学＋统计学”双学士学位复合型人才培养项目）,627,2712,https://www.gaokao.cn/school/52/provinceline?fromcoop=bdkp
52,北京师范大学北京海淀区,,,,,首选物理，再选化学,,,人工智能,623,3313,https://www.gaokao.cn/school/52/provinceline?fromcoop=bdkp
52,北京师范大学北京海淀区,,,,,首选物理，再选化学,,,理科试验班（励耘实验班）（数学与应用数学、物理学、化学、生物科学）,621,3633,https://www.gaokao.cn/school/52/provinceline?fromcoop=bdkp
52,北京师范大学北京海淀区,,,,,首选物理，再选化学,,,数学与应用数学（卓师计划实验班）,621,3549,https://www.gaokao.cn/school/52/provinceline?fromcoop=bdkp
53,对外经济贸易大学北京朝阳区,2025,本科批,普通类,专业组（502）,首选物理，再选化学,607,6875,,,,https://www.gaokao.cn/school/53/provinceline?fromcoop=bdkp
53,对外经济贸易大学北京朝阳区,2025,本科批,普通类,专业组（501）,首选物理，再选不限,602,8354,,,,https://www.gaokao.cn/school/53/provinceline?fromcoop=bdkp
53,对外经济贸易大学北京朝阳区,2025,本科批,国家专项计划,专业组（562）,首选物理，再选化学,599,9327,,,,https://www.gaokao.cn/school/53/provinceline?fromcoop=bdkp
53,对外经济贸易大学北京朝阳区,2025,本科批,国家专项,专业组（562）,首选物理，再选化学,599,9327,,,,https://www.gaokao.cn/school/53/provinceline?fromcoop=bdkp
53,对外经济贸易大学北京朝阳区,2025,本科批,国家专项计划,专业组（561）,首选物理，再选不限,588,13506,,,,https://www.gaokao.cn/school/53/provinceline?fromcoop=bdkp
53,对外经济贸易大学北京朝阳区,,,,,首选物理，再选化学,,,数据科学,607,6875,https://www.gaokao.cn/school/53/provinceline?fromcoop=bdkp
53,对外经济贸易大学北京朝阳区,,,,,首选物理，再选化学,,,数据科学与大数据技术（大类招生）（数据科学与大数据技术、智能科学与技术、人工智能（项目制培养），法学/保险-大数据双学士学位项目选拔）,607,6875,https://www.gaokao.cn/school/53/provinceline?fromcoop=bdkp
53,对外经济贸易大学北京朝阳区,,,,,首选物理，再选不限,,,金融工程（量化金融实验班）,607,6875,https://www.gaokao.cn/school/53/provinceline?fromcoop=bdkp
53,对外经济贸易大学北京朝阳区,,,,,首选物理，再选不限,,,金融工程（大类招生）（金融工程、金融科技，可参与金融科技与北邮人工智能联合学士学位项目选拔）,607,6875,https://www.gaokao.cn/school/53/provinceline?fromcoop=bdkp
53,对外经济贸易大学北京朝阳区,,,,,首选物理，再选不限,,,金融数学,605,7442,https://www.gaokao.cn/school/53/provinceline?fromcoop=bdkp
54,河北大学河北保定市,2025,本科批,普通类,专业组（502）,首选物理，再选化学,552,33073,,,,https://www.gaokao.cn/school/54/provinceline?fromcoop=bdkp
54,河北大学河北保定市,2025,本科批,普通类,专业组（501）,首选物理，再选不限,547,37073,,,,https://www.gaokao.cn/school/54/provinceline?fromcoop=bdkp
54,河北大学河北保定市,,,,,首选物理，再选化学,,,电气工程及其自动化,569,22491,https://www.gaokao.cn/school/54/provinceline?fromcoop=bdkp
54,河北大学河北保定市,,,,,首选物理，再选化学,,,计算机科学与技术,567,23765,https://www.gaokao.cn/school/54/provinceline?fromcoop=bdkp
54,河北大学河北保定市,,,,,首选物理，再选化学,,,光电信息科学与工程,560,27639,https://www.gaokao.cn/school/54/provinceline?fromcoop=bdkp
54,河北大学河北保定市,,,,,首选物理，再选化学,,,机械设计制造及其自动化,558,28910,https://www.gaokao.cn/school/54/provinceline?fromcoop=bdkp
54,河北大学河北保定市,,,,,首选物理，再选化学,,,数据科学与大数据技术,555,31019,https://www.gaokao.cn/school/54/provinceline?fromcoop=bdkp
55,河北科技大学河北石家庄市,2025,本科批,普通类,专业组（501）,首选物理，再选化学,530,51832,,,,https://www.gaokao.cn/school/55/provinceline?fromcoop=bdkp
55,河北科技大学河北石家庄市,2025,本科批,普通类,专业组（504）,首选物理，再选化学,511,71050,,,,https://www.gaokao.cn/school/55/provinceline?fromcoop=bdkp
55,河北科技大学河北石家庄市,2025,本科批,普通类,专业组（502）,首选物理，再选化学,509,73676,,,,https://www.gaokao.cn/school/55/provinceline?fromcoop=bdkp
55,河北科技大学河北石家庄市,2025,本科批,普通类,专业组（503）,首选物理，再选化学,490,97041,,,,https://www.gaokao.cn/school/55/provinceline?fromcoop=bdkp
55,河北科技大学河北石家庄市,,,,,首选物理，再选化学,,,能源与动力工程,530,51832,https://www.gaokao.cn/school/55/provinceline?fromcoop=bdkp
55,河北科技大学河北石家庄市,,,,,首选物理，再选化学,,,制药工程（不招色觉异常（含色弱、色盲）考生）,511,71050,https://www.gaokao.cn/school/55/provinceline?fromcoop=bdkp
55,河北科技大学河北石家庄市,,,,,首选物理，再选化学,,,药学（不招色觉异常（含色弱、色盲）考生）,509,73676,https://www.gaokao.cn/school/55/provinceline?fromcoop=bdkp
55,河北科技大学河北石家庄市,,,,,首选物理，再选化学,,,土木工程,490,97041,https://www.gaokao.cn/school/55/provinceline?fromcoop=bdkp
56,河北经贸大学河北石家庄市,2025,本科批,普通类,专业组（503）,首选物理，再选化学,518,62744,,,,https://www.gaokao.cn/school/56/provinceline?fromcoop=bdkp
56,河北经贸大学河北石家庄市,2025,本科批,普通类,专业组（501）,首选物理，再选不限,504,79439,,,,https://www.gaokao.cn/school/56/provinceline?fromcoop=bdkp
56,河北经贸大学河北石家庄市,2025,本科批,普通类,专业组（502）,首选物理，再选不限,500,83415,,,,https://www.gaokao.cn/school/56/provinceline?fromcoop=bdkp
56,河北经贸大学河北石家庄市,,,,,首选物理，再选化学,,,人工智能,522,58804,https://www.gaokao.cn/school/56/provinceline?fromcoop=bdkp
56,河北经贸大学河北石家庄市,,,,,首选物理，再选化学,,,数学与应用数学,518,62744,https://www.gaokao.cn/school/56/provinceline?fromcoop=bdkp
56,河北经贸大学河北石家庄市,,,,,首选物理，再选不限,,,会计学,512,69354,https://www.gaokao.cn/school/56/provinceline?fromcoop=bdkp
56,河北经贸大学河北石家庄市,,,,,首选物理，再选不限,,,金融学,511,71236,https://www.gaokao.cn/school/56/provinceline?fromcoop=bdkp
56,河北经贸大学河北石家庄市,,,,,首选物理，再选不限,,,工商管理,506,76196,https://www.gaokao.cn/school/56/provinceline?fromcoop=bdkp
57,西安电子科技大学陕西西安市,2025,本科批,普通类,专业组（502）,首选物理，再选化学,618,4286,,,,https://www.gaokao.cn/school/57/provinceline?fromcoop=bdkp
57,西安电子科技大学陕西西安市,2025,本科批,普通类,专业组（501）,首选物理，再选不限,608,6578,,,,https://www.gaokao.cn/school/57/provinceline?fromcoop=bdkp
57,西安电子科技大学陕西西安市,2025,本科批,国家专项,专业组（561）,首选物理，再选化学,612,5655,,,,https://www.gaokao.cn/school/57/provinceline?fromcoop=bdkp
57,西安电子科技大学陕西西安市,,,,,首选物理，再选化学,,,电子信息类（卓越计划实验班）通信工程（卓越班）、电子信息工程（卓越班）、集成电路设计与集成系统（卓越班）,624,3145,https://www.gaokao.cn/school/57/provinceline?fromcoop=bdkp
57,西安电子科技大学陕西西安市,,,,,首选物理，再选化学,,,电子信息类（创新实验班）（通信工程（创新班）、电子信息工程（创新班）、微电子科学与工程（创新班））,624,3049,https://www.gaokao.cn/school/57/provinceline?fromcoop=bdkp
57,西安电子科技大学陕西西安市,,,,,首选物理，再选化学,,,计算机类（创新实验班）（网络空间安全（实验班）、人工智能（图灵班））,624,3175,https://www.gaokao.cn/school/57/provinceline?fromcoop=bdkp
57,西安电子科技大学陕西西安市,,,,,首选物理，再选化学,,,电子信息类（集成电路）（微电子科学与工程、集成电路设计与集成系统）,622,3496,https://www.gaokao.cn/school/57/provinceline?fromcoop=bdkp
57,西安电子科技大学陕西西安市,,,,,首选物理，再选化学,,,电子信息类（通信）（通信工程、信息工程、空间信息与数字技术）,621,3668,https://www.gaokao.cn/school/57/provinceline?fromcoop=bdkp
58,湖南师范大学湖南长沙市,2025,本科批,普通类,专业组（502）,首选物理，再选化学,585,14530,,,,https://www.gaokao.cn/school/58/provinceline?fromcoop=bdkp
58,湖南师范大学湖南长沙市,2025,本科批,普通类,专业组（504）,首选物理，再选地理,571,21444,,,,https://www.gaokao.cn/school/58/provinceline?fromcoop=bdkp
58,湖南师范大学湖南长沙市,2025,本科批,普通类,专业组（503）,首选物理，再选化学,567,23684,,,,https://www.gaokao.cn/school/58/provinceline?fromcoop=bdkp
58,湖南师范大学湖南长沙市,2025,本科批,普通类,专业组（501）,首选物理，再选不限,565,25086,,,,https://www.gaokao.cn/school/58/provinceline?fromcoop=bdkp
58,湖南师范大学湖南长沙市,,,,,首选物理，再选化学,,,计算机科学与技术,595,10521,https://www.gaokao.cn/school/58/provinceline?fromcoop=bdkp
58,湖南师范大学湖南长沙市,,,,,首选物理，再选化学,,,电子信息工程,593,11137,https://www.gaokao.cn/school/58/provinceline?fromcoop=bdkp
58,湖南师范大学湖南长沙市,,,,,首选物理，再选化学,,,数学与应用数学（师范类）（含世承书院天问班）,592,11613,https://www.gaokao.cn/school/58/provinceline?fromcoop=bdkp
58,湖南师范大学湖南长沙市,,,,,首选物理，再选化学,,,软件工程,591,12179,https://www.gaokao.cn/school/58/provinceline?fromcoop=bdkp
58,湖南师范大学湖南长沙市,,,,,首选物理，再选化学,,,数据科学与大数据技术,589,12730,https://www.gaokao.cn/school/58/provinceline?fromcoop=bdkp
59,南开大学天津南开区,2025,本科批,普通类,专业组（501）,首选物理，再选化学,626,2804,,,,https://www.gaokao.cn/school/59/provinceline?fromcoop=bdkp
59,南开大学天津南开区,2025,本科批,普通类,专业组（502）,首选物理，再选不限,624,3097,,,,https://www.gaokao.cn/school/59/provinceline?fromcoop=bdkp
59,南开大学天津南开区,2025,本科批,国家专项,专业组（561）,首选物理，再选化学,614,5047,,,,https://www.gaokao.cn/school/59/provinceline?fromcoop=bdkp
59,南开大学天津南开区,,,,,首选物理，再选化学,,,理科试验班（卓越拔尖计划伯苓班）（物理学、化学、生物科学）（本专业大类内专业任选）,633,1888,https://www.gaokao.cn/school/59/provinceline?fromcoop=bdkp
59,南开大学天津南开区,,,,,首选物理，再选化学,,,工科试验班（卓越拔尖计划伯苓班）（光电信息科学与工程、计算机科学与技术、智能科学与技术）（本专业大类内专业任选）,631,2076,https://www.gaokao.cn/school/59/provinceline?fromcoop=bdkp
59,南开大学天津南开区,,,,,首选物理，再选化学,,,理科试验班（数学与大数据）（数学与应用数学、信息与计算科学、数据科学、统计学）（本专业大类内专业任选）,629,2341,https://www.gaokao.cn/school/59/provinceline?fromcoop=bdkp
59,南开大学天津南开区,,,,,首选物理，再选化学,,,工科试验班（信息科学与技术）（计算机科学与技术、信息安全、物联网工程、自动化、智能科学与技术、软件工程）（本专业大类内专业任选）,627,2583,https://www.gaokao.cn/school/59/provinceline?fromcoop=bdkp
59,南开大学天津南开区,,,,,首选物理，再选化学,,,理科试验班（物质科学与可持续发展）（化学、应用化学、生物科学、生物技术、环境科学、环境工程、资源循环科学与工程、药学、药物化学、材料物理、材料化学）（本专业大类内专业任选）,626,2799,https://www.gaokao.cn/school/59/provinceline?fromcoop=bdkp
60,天津大学天津南开区,2025,本科批,普通类,专业组（501）,首选物理，再选化学,614,5145,,,,https://www.gaokao.cn/school/60/provinceline?fromcoop=bdkp
60,天津大学天津南开区,2025,本科批,国家专项,专业组（561）,首选物理，再选化学,603,7998,,,,https://www.gaokao.cn/school/60/provinceline?fromcoop=bdkp
60,天津大学天津南开区,,,,,首选物理，再选化学,,,工科试验班（未来技术学院）（电气工程及其自动化、智能电网信息工程、电子信息工程、电子科学与技术、通信工程、光电信息科学与工程、集成电路设计与集成系统、人工智能、自动化、计算机科学与技术、软件工程、物联网工程、数据科学与大数据技术、网络空间安全、数学与应用数学、工程力学、机械设计制造及其自动化、材料成型及控制工程、工业设计、过程装备与控制工程、智能制造工程、测控技术与仪器、智能感知工程、材料科学与工程、功能材料、能源与动力工程、土木工程、建筑环境与能源应用工程、水利水电工程、港口航道与海岸工程、船舶与海洋工）,632,2051,https://www.gaokao.cn/school/60/provinceline?fromcoop=bdkp
60,天津大学天津南开区,,,,,首选物理，再选化学,,,工科试验班（电气信息类）（电气工程及其自动化、电子信息工程、通信工程、物联网工程、智能电网信息工程、自动化、机器人工程）,623,3195,https://www.gaokao.cn/school/60/provinceline?fromcoop=bdkp
60,天津大学天津南开区,,,,,首选物理，再选化学,,,工科试验班（新材料与加工技术类）（材料科学与工程、功能材料）（不招色盲、色弱考生）,615,4898,https://www.gaokao.cn/school/60/provinceline?fromcoop=bdkp
60,天津大学天津南开区,,,,,首选物理，再选化学,,,理科试验班（理学类）（应用物理学、应用化学、地理科学）（不招色盲、色弱考生）,614,5114,https://www.gaokao.cn/school/60/provinceline?fromcoop=bdkp
60,天津大学天津南开区,,,,,首选物理，再选化学,,,工科试验班（智慧化工与绿色低碳类）（化学工程与工艺、精细化工、过程装备与控制工程、环境科学、环境工程）（不招色盲、色弱考生）,614,5145,https://www.gaokao.cn/school/60/provinceline?fromcoop=bdkp
61,中国海洋大学山东青岛市,2025,本科批,普通类,专业组（501）,首选物理，再选不限,598,9511,,,,https://www.gaokao.cn/school/61/provinceline?fromcoop=bdkp
61,中国海洋大学山东青岛市,2025,本科批,普通类,专业组（502）,首选物理，再选化学,596,10195,,,,https://www.gaokao.cn/school/61/provinceline?fromcoop=bdkp
61,中国海洋大学山东青岛市,2025,本科批,中外合作办学,专业组（506）,首选物理，再选化学,600,8762,,,,https://www.gaokao.cn/school/61/provinceline?fromcoop=bdkp
61,中国海洋大学山东青岛市,2025,本科批,中外合作办学,专业组（503）,首选物理，再选化学,597,9711,,,,https://www.gaokao.cn/school/61/provinceline?fromcoop=bdkp
61,中国海洋大学山东青岛市,2025,高校专项计划批,高校专项计划,专业组（508）,首选物理，再选化学,596,10399,,,,https://www.gaokao.cn/school/61/provinceline?fromcoop=bdkp
61,中国海洋大学山东青岛市,,,,,首选物理，再选化学,,,计算机类（计算机科学与技术、智能科学与技术、数据科学与大数据技术、网络空间安全、软件工程、保密技术）（设有软件工程五八卓越人才班、计算机科学与技术卓越工程师班、中法卓越工程师班）,612,5589,https://www.gaokao.cn/school/61/provinceline?fromcoop=bdkp
61,中国海洋大学山东青岛市,,,,,首选物理，再选化学,,,电子信息类（电子信息工程、电子信息科学与技术、通信工程、微电子科学与工程、集成电路设计与集成系统）（设有中法卓越工程师项目班）,611,5875,https://www.gaokao.cn/school/61/provinceline?fromcoop=bdkp
61,中国海洋大学山东青岛市,,,,,首选物理，再选化学,,,海洋科学（设有基础学科拔尖计划2.0基地）,610,6046,https://www.gaokao.cn/school/61/provinceline?fromcoop=bdkp
61,中国海洋大学山东青岛市,,,,,首选物理，再选化学,,,计算机类（国家专项）（计算机科学与技术、智能科学与技术、数据科学与大数据技术、网络空间安全、软件工程、保密技术）（设有软件工程五八卓越人才班、计算机科学与技术卓越工程师班、中法卓越工程师班）,609,6377,https://www.gaokao.cn/school/61/provinceline?fromcoop=bdkp
61,中国海洋大学山东青岛市,,,,,首选物理，再选化学,,,环境工程（国家专项）,607,6781,https://www.gaokao.cn/school/61/provinceline?fromcoop=bdkp
62,郑州大学河南郑州市,2025,本科批,普通类,专业组（502）,首选物理，再选化学,577,18104,,,,https://www.gaokao.cn/school/62/provinceline?fromcoop=bdkp
62,郑州大学河南郑州市,2025,本科批,普通类,专业组（501）,首选物理，再选不限,574,19519,,,,https://www.gaokao.cn/school/62/provinceline?fromcoop=bdkp
62,郑州大学河南郑州市,,,,,首选物理，再选化学,,,电子信息类（电子信息工程、通信工程）,599,9127,https://www.gaokao.cn/school/62/provinceline?fromcoop=bdkp
62,郑州大学河南郑州市,,,,,首选物理，再选化学,,,计算机科学与技术（不招单色识别不全考生）,598,9468,https://www.gaokao.cn/school/62/provinceline?fromcoop=bdkp
62,郑州大学河南郑州市,,,,,首选物理，再选化学,,,自动化类（电气工程及其自动化、自动化）,595,10589,https://www.gaokao.cn/school/62/provinceline?fromcoop=bdkp
62,郑州大学河南郑州市,,,,,首选物理，再选化学,,,物理学类（物理学、电子科学与技术、测控技术与仪器）,590,12338,https://www.gaokao.cn/school/62/provinceline?fromcoop=bdkp
62,郑州大学河南郑州市,,,,,首选物理，再选化学,,,口腔医学（不招色盲、色弱、单色识别不全考生）,590,12573,https://www.gaokao.cn/school/62/provinceline?fromcoop=bdkp
63,合肥工业大学安徽合肥市,2025,本科批,普通类,专业组（503）,首选物理，再选化学,588,13112,,,,https://www.gaokao.cn/school/63/provinceline?fromcoop=bdkp
63,合肥工业大学安徽合肥市,2025,本科批,普通类,专业组（501）,首选物理，再选不限,567,23636,,,,https://www.gaokao.cn/school/63/provinceline?fromcoop=bdkp
63,合肥工业大学安徽合肥市,2025,本科批,国家专项,专业组（562）,首选物理，再选化学,571,21539,,,,https://www.gaokao.cn/school/63/provinceline?fromcoop=bdkp
63,合肥工业大学安徽合肥市,2025,本科批,中外合作办学,专业组（502）,首选物理，再选不限,568,23308,,,,https://www.gaokao.cn/school/63/provinceline?fromcoop=bdkp
63,合肥工业大学安徽合肥市,2025,高校专项计划批,高校专项计划,专业组（504）,首选物理，再选化学,560,28237,,,,https://www.gaokao.cn/school/63/provinceline?fromcoop=bdkp
63,合肥工业大学安徽合肥市,,,,,首选物理，再选化学,,,计算机科学与技术（专业体检要求详见《合肥工业大学2025年全日制普通本科招生章程》）,609,6343,https://www.gaokao.cn/school/63/provinceline?fromcoop=bdkp
63,合肥工业大学安徽合肥市,,,,,首选物理，再选化学,,,集成电路设计与集成系统,609,6160,https://www.gaokao.cn/school/63/provinceline?fromcoop=bdkp
63,合肥工业大学安徽合肥市,,,,,首选物理，再选化学,,,电气工程及其自动化,608,6574,https://www.gaokao.cn/school/63/provinceline?fromcoop=bdkp
63,合肥工业大学安徽合肥市,,,,,首选物理，再选化学,,,机械设计制造及其自动化（创新实验班）,608,6511,https://www.gaokao.cn/school/63/provinceline?fromcoop=bdkp
63,合肥工业大学安徽合肥市,,,,,首选物理，再选化学,,,电子信息工程（专业体检要求详见《合肥工业大学2025年全日制普通本科招生章程》）,607,6675,https://www.gaokao.cn/school/63/provinceline?fromcoop=bdkp
64,山东医药大学山东烟台市,2025,本科批,普通类,专业组（502）,首选物理，再选化学,551,34029,,,,https://www.gaokao.cn/school/64/provinceline?fromcoop=bdkp
64,山东医药大学山东烟台市,2025,本科批,普通类,专业组（501）,首选物理，再选不限,508,73900,,,,https://www.gaokao.cn/school/64/provinceline?fromcoop=bdkp
64,山东医药大学山东烟台市,2025,本科批,普通类,专业组（503）,首选物理，再选化学,485,103253,,,,https://www.gaokao.cn/school/64/provinceline?fromcoop=bdkp
64,山东医药大学山东烟台市,,,,,首选物理，再选化学,,,临床医学（不招色盲、色弱考生）,551,34029,https://www.gaokao.cn/school/64/provinceline?fromcoop=bdkp
64,山东医药大学山东烟台市,,,,,首选物理，再选不限,,,信息管理与信息系统（滨州校区）,508,73900,https://www.gaokao.cn/school/64/provinceline?fromcoop=bdkp
64,山东医药大学山东烟台市,,,,,首选物理，再选化学,,,药学（不招色盲、色弱考生）,485,103253,https://www.gaokao.cn/school/64/provinceline?fromcoop=bdkp
65,德州学院山东德州市,2025,本科批,普通类,专业组（501）,首选物理，再选化学,506,76272,,,,https://www.gaokao.cn/school/65/provinceline?fromcoop=bdkp
65,德州学院山东德州市,,,,,首选物理，再选化学,,,电子信息工程,508,74238,https://www.gaokao.cn/school/65/provinceline?fromcoop=bdkp
65,德州学院山东德州市,,,,,首选物理，再选化学,,,化学工程与工艺,506,76272,https://www.gaokao.cn/school/65/provinceline?fromcoop=bdkp
66,中国科学技术大学安徽合肥市,2025,本科批,普通类,专业组（501）,首选物理，再选化学,656,365,,,,https://www.gaokao.cn/school/66/provinceline?fromcoop=bdkp
66,中国科学技术大学安徽合肥市,2025,本科批,普通类,专业组（502）,首选物理，再选化学,653,473,,,,https://www.gaokao.cn/school/66/provinceline?fromcoop=bdkp
66,中国科学技术大学安徽合肥市,2025,本科批,普通类,专业组（503）,首选物理，再选化学,652,517,,,,https://www.gaokao.cn/school/66/provinceline?fromcoop=bdkp
66,中国科学技术大学安徽合肥市,2025,本科批,国家专项,专业组（561）,首选物理，再选化学,640,1231,,,,https://www.gaokao.cn/school/66/provinceline?fromcoop=bdkp
66,中国科学技术大学安徽合肥市,,,,,首选物理，再选化学,,,量子信息科学（未来技术学院）（教育部首批未来技术学院，中国科学院基础和前沿交叉学科贯通培养工程实施基地。含量子信息科技英才班，依托合肥国家实验室、合肥微尺度物质科学国家研究中心、量子信息与量子科技前沿协同创新中心等国家与省部级科研平台，创新培养未来科技创新领军人才）,658,323,https://www.gaokao.cn/school/66/provinceline?fromcoop=bdkp
66,中国科学技术大学安徽合肥市,,,,,首选物理，再选化学,,,工科试验班（计算机）（计算机类、计算机类（华夏计算机科技英才班））,657,344,https://www.gaokao.cn/school/66/provinceline?fromcoop=bdkp
66,中国科学技术大学安徽合肥市,,,,,首选物理，再选化学,,,理科试验班类（拔尖计划科技英才班）（物理学类（严济慈物理科技英才班））,656,365,https://www.gaokao.cn/school/66/provinceline?fromcoop=bdkp
66,中国科学技术大学安徽合肥市,,,,,首选物理，再选化学,,,工科试验班（电子信息）（电子信息类、电子信息类（信息科技英才班）、人工智能、电子信息类（集成电路科技英才班））,656,377,https://www.gaokao.cn/school/66/provinceline?fromcoop=bdkp
66,中国科学技术大学安徽合肥市,,,,,首选物理，再选化学,,,理科试验班类（数学）（数学类、数学类（华罗庚数学科技英才班））,655,409,https://www.gaokao.cn/school/66/provinceline?fromcoop=bdkp
67,安徽大学安徽合肥市,2025,本科批,普通类,专业组（502）,首选物理，再选化学,590,12511,,,,https://www.gaokao.cn/school/67/provinceline?fromcoop=bdkp
67,安徽大学安徽合肥市,2025,本科批,普通类,专业组（501）,首选物理，再选不限,577,18123,,,,https://www.gaokao.cn/school/67/provinceline?fromcoop=bdkp
67,安徽大学安徽合肥市,,,,,首选物理，再选化学,,,电子信息工程,602,8323,https://www.gaokao.cn/school/67/provinceline?fromcoop=bdkp
67,安徽大学安徽合肥市,,,,,首选物理，再选化学,,,集成电路设计与集成系统,601,8545,https://www.gaokao.cn/school/67/provinceline?fromcoop=bdkp
67,安徽大学安徽合肥市,,,,,首选物理，再选化学,,,电子封装技术,597,9995,https://www.gaokao.cn/school/67/provinceline?fromcoop=bdkp
67,安徽大学安徽合肥市,,,,,首选物理，再选化学,,,网络工程,596,10345,https://www.gaokao.cn/school/67/provinceline?fromcoop=bdkp
67,安徽大学安徽合肥市,,,,,首选物理，再选化学,,,人工智能,596,10387,https://www.gaokao.cn/school/67/provinceline?fromcoop=bdkp
68,安徽理工大学安徽淮南市,2025,本科批,普通类,专业组（502）,首选物理，再选化学,523,58012,,,,https://www.gaokao.cn/school/68/provinceline?fromcoop=bdkp
68,安徽理工大学安徽淮南市,2025,本科批,普通类,专业组（501）,首选物理，再选不限,511,71384,,,,https://www.gaokao.cn/school/68/provinceline?fromcoop=bdkp
68,安徽理工大学安徽淮南市,2025,本科批,中外合作,专业组（502）,首选物理，再选化学,525,56652,,,,https://www.gaokao.cn/school/68/provinceline?fromcoop=bdkp
68,安徽理工大学安徽淮南市,,,,,首选物理，再选化学,,,电气工程及其自动化,572,20772,https://www.gaokao.cn/school/68/provinceline?fromcoop=bdkp
68,安徽理工大学安徽淮南市,,,,,首选物理，再选化学,,,计算机科学与技术,568,23330,https://www.gaokao.cn/school/68/provinceline?fromcoop=bdkp
68,安徽理工大学安徽淮南市,,,,,首选物理，再选化学,,,自动化,567,23826,https://www.gaokao.cn/school/68/provinceline?fromcoop=bdkp
68,安徽理工大学安徽淮南市,,,,,首选物理，再选化学,,,电子信息工程,565,24640,https://www.gaokao.cn/school/68/provinceline?fromcoop=bdkp
68,安徽理工大学安徽淮南市,,,,,首选物理，再选化学,,,机械设计制造及其自动化,564,25651,https://www.gaokao.cn/school/68/provinceline?fromcoop=bdkp
70,安徽农业大学安徽合肥市,2025,本科批,普通类,专业组（501）,首选物理，再选不限,528,52858,,,,https://www.gaokao.cn/school/70/provinceline?fromcoop=bdkp
70,安徽农业大学安徽合肥市,2025,本科批,普通类,专业组（503）,首选物理，再选生物,526,54792,,,,https://www.gaokao.cn/school/70/provinceline?fromcoop=bdkp
70,安徽农业大学安徽合肥市,2025,本科批,普通类,专业组（502）,首选物理，再选化学,521,60200,,,,https://www.gaokao.cn/school/70/provinceline?fromcoop=bdkp
70,安徽农业大学安徽合肥市,,,,,首选物理，再选化学,,,电气工程及其自动化,540,42477,https://www.gaokao.cn/school/70/provinceline?fromcoop=bdkp
70,安徽农业大学安徽合肥市,,,,,首选物理，再选化学,,,应用统计学,537,45364,https://www.gaokao.cn/school/70/provinceline?fromcoop=bdkp
70,安徽农业大学安徽合肥市,,,,,首选物理，再选化学,,,食品科学与工程,531,50829,https://www.gaokao.cn/school/70/provinceline?fromcoop=bdkp
70,安徽农业大学安徽合肥市,,,,,首选物理，再选化学,,,茶学,529,52050,https://www.gaokao.cn/school/70/provinceline?fromcoop=bdkp
70,安徽农业大学安徽合肥市,,,,,首选物理，再选不限,,,物流工程,528,52858,https://www.gaokao.cn/school/70/provinceline?fromcoop=bdkp
71,济南大学山东济南市,2025,本科批,普通类,专业组（501）,首选物理，再选不限,529,52764,,,,https://www.gaokao.cn/school/71/provinceline?fromcoop=bdkp
71,济南大学山东济南市,2025,本科批,普通类,专业组（502）,首选物理，再选不限,502,80960,,,,https://www.gaokao.cn/school/71/provinceline?fromcoop=bdkp
71,济南大学山东济南市,2025,本科批,普通类,专业组（503）,首选物理，再选化学,497,88147,,,,https://www.gaokao.cn/school/71/provinceline?fromcoop=bdkp
71,济南大学山东济南市,2025,本科批,国家专项,专业组（562）,首选物理，再选化学,525,55795,,,,https://www.gaokao.cn/school/71/provinceline?fromcoop=bdkp
71,济南大学山东济南市,2025,本科批,国家专项,专业组（561）,首选物理，再选不限,487,100443,,,,https://www.gaokao.cn/school/71/provinceline?fromcoop=bdkp
71,济南大学山东济南市,,,,,首选物理，再选化学,,,机器人工程,561,26994,https://www.gaokao.cn/school/71/provinceline?fromcoop=bdkp
71,济南大学山东济南市,,,,,首选物理，再选化学,,,光电信息科学与工程,551,33791,https://www.gaokao.cn/school/71/provinceline?fromcoop=bdkp
71,济南大学山东济南市,,,,,首选物理，再选化学,,,机械工程（国家专项）,549,35467,https://www.gaokao.cn/school/71/provinceline?fromcoop=bdkp
71,济南大学山东济南市,,,,,首选物理，再选化学,,,计算机科学与技术,548,35940,https://www.gaokao.cn/school/71/provinceline?fromcoop=bdkp
71,济南大学山东济南市,,,,,首选物理，再选化学,,,自动化（国家专项）,546,37511,https://www.gaokao.cn/school/71/provinceline?fromcoop=bdkp
72,安徽医科大学安徽合肥市,2025,本科批,普通类,专业组（501）,首选物理，再选化学,566,24300,,,,https://www.gaokao.cn/school/72/provinceline?fromcoop=bdkp
72,安徽医科大学安徽合肥市,,,,,首选物理，再选化学,,,临床医学（不招色盲、色弱考生）,582,15836,https://www.gaokao.cn/school/72/provinceline?fromcoop=bdkp
72,安徽医科大学安徽合肥市,,,,,首选物理，再选化学,,,智能医学工程（不招色盲、色弱考生）,573,20314,https://www.gaokao.cn/school/72/provinceline?fromcoop=bdkp
72,安徽医科大学安徽合肥市,,,,,首选物理，再选化学,,,生物技术（不招色盲、色弱考生）,567,23371,https://www.gaokao.cn/school/72/provinceline?fromcoop=bdkp
72,安徽医科大学安徽合肥市,,,,,首选物理，再选化学,,,生物医学工程（不招色盲、色弱考生）,566,24300,https://www.gaokao.cn/school/72/provinceline?fromcoop=bdkp
73,同济大学上海杨浦区,2025,本科批,普通类,专业组（501）,首选物理，再选化学,637,1469,,,,https://www.gaokao.cn/school/73/provinceline?fromcoop=bdkp
73,同济大学上海杨浦区,2025,本科批,普通类,专业组（502）,首选物理，再选化学,630,2299,,,,https://www.gaokao.cn/school/73/provinceline?fromcoop=bdkp
73,同济大学上海杨浦区,2025,本科批,普通类,专业组（503）,首选物理，再选化学,628,2480,,,,https://www.gaokao.cn/school/73/provinceline?fromcoop=bdkp
73,同济大学上海杨浦区,2025,本科批,中外合作办学,专业组（504）,首选物理，再选化学,629,2404,,,,https://www.gaokao.cn/school/73/provinceline?fromcoop=bdkp
73,同济大学上海杨浦区,2025,本科批,国家专项,专业组（561）,首选物理，再选化学,617,4471,,,,https://www.gaokao.cn/school/73/provinceline?fromcoop=bdkp
73,同济大学上海杨浦区,,,,,首选物理，再选化学,,,工科试验班（国豪精英班）（工科拔尖人才培养计划，含未来技术班。按照2+1+x培养，所有工科专业任选。专业确认后按专业标准收费）,649,674,https://www.gaokao.cn/school/73/provinceline?fromcoop=bdkp
73,同济大学上海杨浦区,,,,,首选物理，再选化学,,,工科试验班（卓越计划班）（含机器人、工业互联网、智能网联车辆、智慧空间四个领域，按照2+1+X培养，领域内专业任选）,640,1266,https://www.gaokao.cn/school/73/provinceline?fromcoop=bdkp
73,同济大学上海杨浦区,,,,,首选物理，再选化学,,,工科试验班（信息类）（计算机科学与技术、信息安全、数据科学与大数据技术、电气工程及其自动化、自动化、通信工程、人工智能、微电子科学与工程、软件工程）（含双学位培养项目：光电信息科学与工程–应用物理学，微电子科学与工程–应用物理学，视觉传达设计-人工智能。含计算机科学拔尖学生培养基地。分流专业中软件工程三、四年级收费标准为每年16000元）,637,1469,https://www.gaokao.cn/school/73/provinceline?fromcoop=bdkp
73,同济大学上海杨浦区,,,,,首选物理，再选化学,,,医学试验班（国豪精英班）（基础医学）（医科拔尖人才培养计划。该专业不招色盲、色弱考生）,632,2007,https://www.gaokao.cn/school/73/provinceline?fromcoop=bdkp
73,同济大学上海杨浦区,,,,,首选物理，再选化学,,,临床医学（5+3一体化）（本硕衔接培养，合格毕业生获执业医师资格证、住院医师规范化培训合格证书、硕士研究生毕业证和学位证。该专业不招色盲、色弱考生）,631,2074,https://www.gaokao.cn/school/73/provinceline?fromcoop=bdkp
74,新疆大学新疆乌鲁木齐市,2025,本科批,普通类,专业组（501）,首选物理，再选不限,519,61760,,,,https://www.gaokao.cn/school/74/provinceline?fromcoop=bdkp
74,新疆大学新疆乌鲁木齐市,2025,本科批,普通类,专业组（502）,首选物理，再选化学,515,66123,,,,https://www.gaokao.cn/school/74/provinceline?fromcoop=bdkp
74,新疆大学新疆乌鲁木齐市,,,,,首选物理，再选化学,,,计算机科学与技术（新疆维吾尔自治区乌鲁木齐市）,573,20273,https://www.gaokao.cn/school/74/provinceline?fromcoop=bdkp
74,新疆大学新疆乌鲁木齐市,,,,,首选物理，再选化学,,,通信工程（新疆维吾尔自治区乌鲁木齐市）,560,27939,https://www.gaokao.cn/school/74/provinceline?fromcoop=bdkp
74,新疆大学新疆乌鲁木齐市,,,,,首选物理，再选化学,,,数学与应用数学（新疆维吾尔自治区乌鲁木齐市）（数学成绩不低于：90。择优选拔进入理科基地班）,550,34949,https://www.gaokao.cn/school/74/provinceline?fromcoop=bdkp
74,新疆大学新疆乌鲁木齐市,,,,,首选物理，再选化学,,,自动化（新疆维吾尔自治区乌鲁木齐市）,550,34454,https://www.gaokao.cn/school/74/provinceline?fromcoop=bdkp
74,新疆大学新疆乌鲁木齐市,,,,,首选物理，再选化学,,,信息安全（新疆维吾尔自治区乌鲁木齐市）,549,35206,https://www.gaokao.cn/school/74/provinceline?fromcoop=bdkp
75,上海交通大学医学院上海黄浦区,2025,本科批,普通类,专业组（501）,首选物理，再选化学,663,198,,,,https://www.gaokao.cn/school/75/provinceline?fromcoop=bdkp
75,上海交通大学医学院上海黄浦区,2025,本科批,普通类,专业组（502）,首选物理，再选化学,646,787,,,,https://www.gaokao.cn/school/75/provinceline?fromcoop=bdkp
75,上海交通大学医学院上海黄浦区,2025,本科批,普通类,专业组（503）,首选物理，再选化学,594,10960,,,,https://www.gaokao.cn/school/75/provinceline?fromcoop=bdkp
75,上海交通大学医学院上海黄浦区,2025,本科批,国家专项,专业组（505）,首选物理，再选化学,628,2570,,,,https://www.gaokao.cn/school/75/provinceline?fromcoop=bdkp
75,上海交通大学医学院上海黄浦区,,,,,首选物理，再选化学,,,临床医学（八年制本博连读）（国家一流本科、卓越医学创新人才计划；含美国等国家临床实践交流项目）,663,220,https://www.gaokao.cn/school/75/provinceline?fromcoop=bdkp
75,上海交通大学医学院上海黄浦区,,,,,首选物理，再选化学,,,医学试验班（临床方向）（临床医学（五年制））（国家一流本科、卓越医学创新人才计划；含卡罗林斯卡大学等交流项目）,647,765,https://www.gaokao.cn/school/75/provinceline?fromcoop=bdkp
75,上海交通大学医学院上海黄浦区,,,,,首选物理，再选化学,,,"医学试验班（眼视光方向）（临床医学（五年制,眼视光方向））（国家一流本科、卓越医学创新人才计划；含卡罗林斯卡大学等交流项目）",646,787,https://www.gaokao.cn/school/75/provinceline?fromcoop=bdkp
75,上海交通大学医学院上海黄浦区,,,,,首选物理，再选化学,,,医学试验班（国家专项）（儿科方向）（儿科学（5+3一体化））,628,2570,https://www.gaokao.cn/school/75/provinceline?fromcoop=bdkp
75,上海交通大学医学院上海黄浦区,,,,,首选物理，再选化学,,,护理学（含双学士学位，护理英才试点班）（护理英才试点班项目；完成本科阶段学习，达到国际合作院校（英国伦敦国王学院、新加坡国立大学）录取标准，经考核进入硕士阶段学习）,598,9638,https://www.gaokao.cn/school/75/provinceline?fromcoop=bdkp
76,上海大学上海宝山区,2025,本科批,普通类,专业组（503）,首选物理，再选化学,601,8538,,,,https://www.gaokao.cn/school/76/provinceline?fromcoop=bdkp
76,上海大学上海宝山区,2025,本科批,普通类,专业组（501）,首选物理，再选不限,597,9970,,,,https://www.gaokao.cn/school/76/provinceline?fromcoop=bdkp
76,上海大学上海宝山区,2025,本科批,国家专项,专业组（561）,首选物理，再选化学,603,7991,,,,https://www.gaokao.cn/school/76/provinceline?fromcoop=bdkp
76,上海大学上海宝山区,2025,本科批,中外合作办学,专业组（504）,首选物理，再选化学,588,13339,,,,https://www.gaokao.cn/school/76/provinceline?fromcoop=bdkp
76,上海大学上海宝山区,2025,本科批,中外合作办学,专业组（502）,首选物理，再选不限,584,15037,,,,https://www.gaokao.cn/school/76/provinceline?fromcoop=bdkp
76,上海大学上海宝山区,,,,,首选物理，再选化学,,,电子信息工程（卓越工程师班）（不招色盲考生）,610,6105,https://www.gaokao.cn/school/76/provinceline?fromcoop=bdkp
76,上海大学上海宝山区,,,,,首选物理，再选化学,,,电子信息类（未来技术学院）（机械电子工程、人工智能、机器人工程）（由未来技术学院实施“未来智能无人系统领军计划”，原则上第一学年内进行专业分流。不招色盲考生）,609,6297,https://www.gaokao.cn/school/76/provinceline?fromcoop=bdkp
76,上海大学上海宝山区,,,,,首选物理，再选化学,,,电子信息类（电子信息工程、通信工程、微电子科学与工程、光电信息科学与工程、电子信息科学与技术、人工智能、计算机科学与技术、数字媒体技术、智能科学与技术、数据科学与大数据技术、网络空间安全）（该专业代表理学工学Ⅲ类。按类招生，原则上第一学年内进行专业分流。不招色盲考生）,604,7483,https://www.gaokao.cn/school/76/provinceline?fromcoop=bdkp
76,上海大学上海宝山区,,,,,首选物理，再选化学,,,电气类（国家专项）（信息与计算科学、机械设计制造及其自动化、机械电子工程、智能制造工程、测控技术与仪器、新能源材料与器件、电子科学与技术、自动化、机器人工程、生物医学工程、建筑学、城乡规划、工业工程）（该专业代表理学工学Ⅰ类。按类招生，原则上第一学年内进行专业分流。不招色盲考生）,603,7991,https://www.gaokao.cn/school/76/provinceline?fromcoop=bdkp
76,上海大学上海宝山区,,,,,首选物理，再选化学,,,理科试验班类（数学与应用数学、应用物理学、理论与应用力学）（按类招生，原则上第一学年内进行专业分流。不招色盲考生）,602,8335,https://www.gaokao.cn/school/76/provinceline?fromcoop=bdkp
77,南京航空航天大学江苏南京市,2025,本科批,普通类,专业组（501）,首选物理，再选化学,627,2703,,,,https://www.gaokao.cn/school/77/provinceline?fromcoop=bdkp
77,南京航空航天大学江苏南京市,2025,本科批,普通类,专业组（502）,首选物理，再选化学,614,5104,,,,https://www.gaokao.cn/school/77/provinceline?fromcoop=bdkp
77,南京航空航天大学江苏南京市,2025,本科批,国家专项,专业组（561）,首选物理，再选化学,608,6584,,,,https://www.gaokao.cn/school/77/provinceline?fromcoop=bdkp
77,南京航空航天大学江苏南京市,2025,本科批,中外合作办学,专业组（503）,首选物理，再选化学,601,8535,,,,https://www.gaokao.cn/school/77/provinceline?fromcoop=bdkp
77,南京航空航天大学江苏南京市,,,,,首选物理，再选化学,,,航空航天类（长空创新班）（飞行器设计与工程、飞行器环境与生命保障工程、飞行器动力工程、飞行器制造工程、航空航天工程、飞行器控制与信息工程）,627,2703,https://www.gaokao.cn/school/77/provinceline?fromcoop=bdkp
77,南京航空航天大学江苏南京市,,,,,首选物理，再选化学,,,计算机科学与技术（一、二年级在常州市天目湖校区就读，三、四年级在南京市将军路校区就读）,617,4465,https://www.gaokao.cn/school/77/provinceline?fromcoop=bdkp
77,南京航空航天大学江苏南京市,,,,,首选物理，再选化学,,,自动化（一、二年级在常州市天目湖校区就读，三、四年级在南京市将军路校区就读）,616,4628,https://www.gaokao.cn/school/77/provinceline?fromcoop=bdkp
77,南京航空航天大学江苏南京市,,,,,首选物理，再选化学,,,航空航天类（飞行器设计与工程、飞行器环境与生命保障工程、飞行器动力工程、飞行器制造工程、航空航天工程、飞行器控制与信息工程）,615,4930,https://www.gaokao.cn/school/77/provinceline?fromcoop=bdkp
77,南京航空航天大学江苏南京市,,,,,首选物理，再选化学,,,智能飞行器技术,615,4940,https://www.gaokao.cn/school/77/provinceline?fromcoop=bdkp
79,天津师范大学天津西青区,2025,本科批,普通类,专业组（503）,首选物理，再选化学,552,33072,,,,https://www.gaokao.cn/school/79/provinceline?fromcoop=bdkp
79,天津师范大学天津西青区,2025,本科批,普通类,专业组（504）,首选物理，再选地理,538,44534,,,,https://www.gaokao.cn/school/79/provinceline?fromcoop=bdkp
79,天津师范大学天津西青区,2025,本科批,普通类,专业组（502）,首选物理，再选化学,538,44616,,,,https://www.gaokao.cn/school/79/provinceline?fromcoop=bdkp
79,天津师范大学天津西青区,2025,本科批,普通类,专业组（501）,首选物理，再选不限,522,59715,,,,https://www.gaokao.cn/school/79/provinceline?fromcoop=bdkp
79,天津师范大学天津西青区,2025,本科批,国家专项,专业组（562）,首选物理，再选化学,540,42686,,,,https://www.gaokao.cn/school/79/provinceline?fromcoop=bdkp
79,天津师范大学天津西青区,,,,,首选物理，再选化学,,,计算机科学与技术,557,30002,https://www.gaokao.cn/school/79/provinceline?fromcoop=bdkp
79,天津师范大学天津西青区,,,,,首选物理，再选化学,,,通信工程,554,31911,https://www.gaokao.cn/school/79/provinceline?fromcoop=bdkp
79,天津师范大学天津西青区,,,,,首选物理，再选化学,,,软件工程,552,33072,https://www.gaokao.cn/school/79/provinceline?fromcoop=bdkp
79,天津师范大学天津西青区,,,,,首选物理，再选化学,,,数据科学与大数据技术,551,34251,https://www.gaokao.cn/school/79/provinceline?fromcoop=bdkp
79,天津师范大学天津西青区,,,,,首选物理，再选化学,,,人工智能,550,34969,https://www.gaokao.cn/school/79/provinceline?fromcoop=bdkp
80,天津工业大学天津西青区,2025,本科批,普通类,专业组（503）,首选物理，再选化学,577,18003,,,,https://www.gaokao.cn/school/80/provinceline?fromcoop=bdkp
80,天津工业大学天津西青区,2025,本科批,普通类,专业组（502）,首选物理，再选化学,560,28217,,,,https://www.gaokao.cn/school/80/provinceline?fromcoop=bdkp
80,天津工业大学天津西青区,2025,本科批,普通类,专业组（501）,首选物理，再选不限,553,32435,,,,https://www.gaokao.cn/school/80/provinceline?fromcoop=bdkp
80,天津工业大学天津西青区,,,,,首选物理，再选化学,,,电气工程及其自动化,586,14352,https://www.gaokao.cn/school/80/provinceline?fromcoop=bdkp
80,天津工业大学天津西青区,,,,,首选物理，再选化学,,,电子信息工程,585,14489,https://www.gaokao.cn/school/80/provinceline?fromcoop=bdkp
80,天津工业大学天津西青区,,,,,首选物理，再选化学,,,计算机科学与技术（单色不识别考生不予录取）,585,14494,https://www.gaokao.cn/school/80/provinceline?fromcoop=bdkp
80,天津工业大学天津西青区,,,,,首选物理，再选化学,,,人工智能,585,14615,https://www.gaokao.cn/school/80/provinceline?fromcoop=bdkp
80,天津工业大学天津西青区,,,,,首选物理，再选化学,,,电子科学与技术,584,14975,https://www.gaokao.cn/school/80/provinceline?fromcoop=bdkp
81,天津理工大学天津西青区,2025,本科批,普通类,专业组（502）,首选物理，再选不限,545,38272,,,,https://www.gaokao.cn/school/81/provinceline?fromcoop=bdkp
81,天津理工大学天津西青区,2025,本科提前批,普通类,专业组（501）,首选物理，再选化学,516,66020,,,,https://www.gaokao.cn/school/81/provinceline?fromcoop=bdkp
81,天津理工大学天津西青区,2025,本科批,"计算机与电子信息
类专业组",专业组（503）,首选物理，再选化学,574,19881,,,,https://www.gaokao.cn/school/81/provinceline?fromcoop=bdkp
81,天津理工大学天津西青区,2025,本科批,新材料与环境化工类组,专业组（505）,首选物理，再选化学,556,30831,,,,https://www.gaokao.cn/school/81/provinceline?fromcoop=bdkp
81,天津理工大学天津西青区,2025,本科批,"机械与能源工程类
专业组",专业组（504）,首选物理，再选化学,538,44427,,,,https://www.gaokao.cn/school/81/provinceline?fromcoop=bdkp
81,天津理工大学天津西青区,,,,,首选物理，再选化学,,,计算机科学与技术,578,17613,https://www.gaokao.cn/school/81/provinceline?fromcoop=bdkp
81,天津理工大学天津西青区,,,,,首选物理，再选化学,,,信息安全,575,18991,https://www.gaokao.cn/school/81/provinceline?fromcoop=bdkp
81,天津理工大学天津西青区,,,,,首选物理，再选化学,,,物联网工程,574,19881,https://www.gaokao.cn/school/81/provinceline?fromcoop=bdkp
81,天津理工大学天津西青区,,,,,首选物理，再选化学,,,新能源材料与器件,567,23830,https://www.gaokao.cn/school/81/provinceline?fromcoop=bdkp
81,天津理工大学天津西青区,,,,,首选物理，再选化学,,,材料物理,558,29305,https://www.gaokao.cn/school/81/provinceline?fromcoop=bdkp
82,天津科技大学天津河西区,2025,本科批,普通类,专业组（501）,首选物理，再选不限,537,45271,,,,https://www.gaokao.cn/school/82/provinceline?fromcoop=bdkp
82,天津科技大学天津河西区,2025,本科批,机电软组,专业组（502）,首选物理，再选化学,563,26255,,,,https://www.gaokao.cn/school/82/provinceline?fromcoop=bdkp
82,天津科技大学天津河西区,2025,本科批,生化环材组,专业组（503）,首选物理，再选化学,531,50877,,,,https://www.gaokao.cn/school/82/provinceline?fromcoop=bdkp
82,天津科技大学天津河西区,,,,,首选物理，再选化学,,,自动化（实行学分制收费）,574,19542,https://www.gaokao.cn/school/82/provinceline?fromcoop=bdkp
82,天津科技大学天津河西区,,,,,首选物理，再选化学,,,计算机科学与技术（实行学分制收费）,571,21615,https://www.gaokao.cn/school/82/provinceline?fromcoop=bdkp
82,天津科技大学天津河西区,,,,,首选物理，再选化学,,,电气工程及其自动化（实行学分制收费）,570,21974,https://www.gaokao.cn/school/82/provinceline?fromcoop=bdkp
82,天津科技大学天津河西区,,,,,首选物理，再选化学,,,软件工程（实行学分制收费）,569,22360,https://www.gaokao.cn/school/82/provinceline?fromcoop=bdkp
82,天津科技大学天津河西区,,,,,首选物理，再选化学,,,机械设计制造及其自动化（实行学分制收费）,568,22977,https://www.gaokao.cn/school/82/provinceline?fromcoop=bdkp
84,天津财经大学天津河西区,2025,本科批,普通类,专业组（503）,首选物理，再选化学,562,26739,,,,https://www.gaokao.cn/school/84/provinceline?fromcoop=bdkp
84,天津财经大学天津河西区,2025,本科批,普通类,专业组（502）,首选物理，再选不限,554,32023,,,,https://www.gaokao.cn/school/84/provinceline?fromcoop=bdkp
84,天津财经大学天津河西区,2025,本科批,普通类,专业组（501）,首选物理，再选不限,547,37026,,,,https://www.gaokao.cn/school/84/provinceline?fromcoop=bdkp
84,天津财经大学天津河西区,2025,本科批,国家专项,专业组（561）,首选物理，再选不限,513,68682,,,,https://www.gaokao.cn/school/84/provinceline?fromcoop=bdkp
84,天津财经大学天津河西区,,,,,首选物理，再选化学,,,软件工程,566,24510,https://www.gaokao.cn/school/84/provinceline?fromcoop=bdkp
84,天津财经大学天津河西区,,,,,首选物理，再选不限,,,工商管理类（工商管理、市场营销、人力资源管理）,565,25122,https://www.gaokao.cn/school/84/provinceline?fromcoop=bdkp
84,天津财经大学天津河西区,,,,,首选物理，再选化学,,,数据科学与大数据技术,563,26338,https://www.gaokao.cn/school/84/provinceline?fromcoop=bdkp
84,天津财经大学天津河西区,,,,,首选物理，再选化学,,,应用统计学,563,26338,https://www.gaokao.cn/school/84/provinceline?fromcoop=bdkp
84,天津财经大学天津河西区,,,,,首选物理，再选化学,,,信息与计算科学,562,26975,https://www.gaokao.cn/school/84/provinceline?fromcoop=bdkp
85,天津商业大学天津北辰区,2025,本科批,普通类,专业组（503）,首选物理，再选化学,536,45845,,,,https://www.gaokao.cn/school/85/provinceline?fromcoop=bdkp
85,天津商业大学天津北辰区,2025,本科批,普通类,专业组（501）,首选物理，再选不限,504,78922,,,,https://www.gaokao.cn/school/85/provinceline?fromcoop=bdkp
85,天津商业大学天津北辰区,2025,本科批,普通类,专业组（504）,首选物理，再选化学,500,83971,,,,https://www.gaokao.cn/school/85/provinceline?fromcoop=bdkp
85,天津商业大学天津北辰区,2025,本科批,中外合作办学,专业组（502）,首选物理，再选不限,515,66467,,,,https://www.gaokao.cn/school/85/provinceline?fromcoop=bdkp
85,天津商业大学天津北辰区,,,,,首选物理，再选化学,,,计算机科学与技术,545,38517,https://www.gaokao.cn/school/85/provinceline?fromcoop=bdkp
85,天津商业大学天津北辰区,,,,,首选物理，再选化学,,,机械设计制造及其自动化,543,40244,https://www.gaokao.cn/school/85/provinceline?fromcoop=bdkp
85,天津商业大学天津北辰区,,,,,首选物理，再选化学,,,通信工程,540,42823,https://www.gaokao.cn/school/85/provinceline?fromcoop=bdkp
85,天津商业大学天津北辰区,,,,,首选物理，再选化学,,,软件工程,540,42753,https://www.gaokao.cn/school/85/provinceline?fromcoop=bdkp
85,天津商业大学天津北辰区,,,,,首选物理，再选化学,,,能源与动力工程,539,43569,https://www.gaokao.cn/school/85/provinceline?fromcoop=bdkp
86,江南大学江苏无锡市,2025,本科批,普通类,专业组（50D）,首选物理，再选化学,616,4703,,,,https://www.gaokao.cn/school/86/provinceline?fromcoop=bdkp
86,江南大学江苏无锡市,2025,本科批,普通类,专业组（50H）,首选物理，再选化学,607,6827,,,,https://www.gaokao.cn/school/86/provinceline?fromcoop=bdkp
86,江南大学江苏无锡市,2025,本科批,普通类,专业组（509）,首选物理，再选化学,606,7040,,,,https://www.gaokao.cn/school/86/provinceline?fromcoop=bdkp
86,江南大学江苏无锡市,2025,本科批,普通类,专业组（50G）,首选物理，再选化学,605,7372,,,,https://www.gaokao.cn/school/86/provinceline?fromcoop=bdkp
86,江南大学江苏无锡市,2025,本科批,普通类,专业组（50C）,首选物理，再选化学,604,7480,,,,https://www.gaokao.cn/school/86/provinceline?fromcoop=bdkp
86,江南大学江苏无锡市,,,,,首选物理，再选化学,,,临床医学（卓越医师创新班）,616,4703,https://www.gaokao.cn/school/86/provinceline?fromcoop=bdkp
86,江南大学江苏无锡市,,,,,首选物理，再选化学,,,计算机科学与技术（申威卓越创新班）,609,6222,https://www.gaokao.cn/school/86/provinceline?fromcoop=bdkp
86,江南大学江苏无锡市,,,,,首选物理，再选化学,,,自动化,608,6493,https://www.gaokao.cn/school/86/provinceline?fromcoop=bdkp
86,江南大学江苏无锡市,,,,,首选物理，再选化学,,,计算机科学与技术,608,6624,https://www.gaokao.cn/school/86/provinceline?fromcoop=bdkp
86,江南大学江苏无锡市,,,,,首选物理，再选化学,,,人工智能,607,6827,https://www.gaokao.cn/school/86/provinceline?fromcoop=bdkp
87,天津外国语大学天津河西区,2025,本科批,普通类,专业组（505）,首选物理，再选化学,559,28786,,,,https://www.gaokao.cn/school/87/provinceline?fromcoop=bdkp
87,天津外国语大学天津河西区,2025,本科批,普通类,专业组（503）,首选物理，再选不限,536,45976,,,,https://www.gaokao.cn/school/87/provinceline?fromcoop=bdkp
87,天津外国语大学天津河西区,2025,本科批,普通类,专业组（506）,首选物理，再选思想政治,532,49321,,,,https://www.gaokao.cn/school/87/provinceline?fromcoop=bdkp
87,天津外国语大学天津河西区,2025,本科批,普通类,专业组（501）,首选物理，再选不限,530,51031,,,,https://www.gaokao.cn/school/87/provinceline?fromcoop=bdkp
87,天津外国语大学天津河西区,2025,本科批,普通类,专业组（502）,首选物理，再选不限,528,53450,,,,https://www.gaokao.cn/school/87/provinceline?fromcoop=bdkp
87,天津外国语大学天津河西区,,,,,首选物理，再选化学,,,数字媒体技术（省级一流本科专业建设点；可参与中国文化传播人才创新班选拔）,559,28786,https://www.gaokao.cn/school/87/provinceline?fromcoop=bdkp
87,天津外国语大学天津河西区,,,,,首选物理，再选不限,,,日语（国家级一流本科专业建设点；可参与“日语+大数据管理与应用”或国别区域人才创新班选拔）,558,29356,https://www.gaokao.cn/school/87/provinceline?fromcoop=bdkp
87,天津外国语大学天津河西区,,,,,首选物理，再选不限,,,法学（可参与涉外法治人才创新班）,556,30600,https://www.gaokao.cn/school/87/provinceline?fromcoop=bdkp
87,天津外国语大学天津河西区,,,,,首选物理，再选不限,,,希腊语（“一带一路”倡议语种人才培养计划）,548,36607,https://www.gaokao.cn/school/87/provinceline?fromcoop=bdkp
87,天津外国语大学天津河西区,,,,,首选物理，再选不限,,,外国语言文学类（英语类）（英语、商务英语、翻译）（外语语种要求：英语。国家级一流本科专业建设点；可参与英法双语国际传播人才、外交同传人才、跨境电商智能运营创新班选拔；“一带一路”倡议语种人才培养计划）,545,38701,https://www.gaokao.cn/school/87/provinceline?fromcoop=bdkp
88,中国民航大学天津东丽区,2025,本科批,普通类,专业组（502）,首选物理，再选化学,568,23330,,,,https://www.gaokao.cn/school/88/provinceline?fromcoop=bdkp
88,中国民航大学天津东丽区,2025,本科批,普通类,专业组（501）,首选物理，再选不限,563,26338,,,,https://www.gaokao.cn/school/88/provinceline?fromcoop=bdkp
88,中国民航大学天津东丽区,2025,本科批,中外合作办学,专业组（502）,首选物理，再选化学,590,12667,,,,https://www.gaokao.cn/school/88/provinceline?fromcoop=bdkp
88,中国民航大学天津东丽区,2025,本科批,国家专项计划,专业组（561）,首选物理，再选化学,567,23925,,,,https://www.gaokao.cn/school/88/provinceline?fromcoop=bdkp
88,中国民航大学天津东丽区,,,,,首选物理，再选化学,,,工科试验班（中外合作办学，中欧航空工程师）,590,12667,https://www.gaokao.cn/school/88/provinceline?fromcoop=bdkp
88,中国民航大学天津东丽区,,,,,首选物理，再选化学,,,无人驾驶航空器系统工程,583,15680,https://www.gaokao.cn/school/88/provinceline?fromcoop=bdkp
88,中国民航大学天津东丽区,,,,,首选物理，再选化学,,,工科试验班（智慧空中交通管制）,583,15680,https://www.gaokao.cn/school/88/provinceline?fromcoop=bdkp
88,中国民航大学天津东丽区,,,,,首选物理，再选化学,,,飞行器适航技术,581,16545,https://www.gaokao.cn/school/88/provinceline?fromcoop=bdkp
88,中国民航大学天津东丽区,,,,,首选物理，再选化学,,,工科试验班（智能与计算机）,577,18502,https://www.gaokao.cn/school/88/provinceline?fromcoop=bdkp
89,天津中医药大学天津静海区,2025,本科批,普通类,专业组（501）,首选物理，再选化学,573,20173,,,,https://www.gaokao.cn/school/89/provinceline?fromcoop=bdkp
89,天津中医药大学天津静海区,2025,本科批,普通类,专业组（503）,首选物理，再选化学,554,32255,,,,https://www.gaokao.cn/school/89/provinceline?fromcoop=bdkp
89,天津中医药大学天津静海区,2025,本科批,普通类,专业组（504）,首选物理，再选化学,551,34171,,,,https://www.gaokao.cn/school/89/provinceline?fromcoop=bdkp
89,天津中医药大学天津静海区,2025,本科批,普通类,专业组（502）,首选物理，再选化学,544,39350,,,,https://www.gaokao.cn/school/89/provinceline?fromcoop=bdkp
89,天津中医药大学天津静海区,2025,本科批,普通类,专业组（505）,首选物理，再选化学,536,46119,,,,https://www.gaokao.cn/school/89/provinceline?fromcoop=bdkp
89,天津中医药大学天津静海区,,,,,首选物理，再选化学,,,中医学（5+3-体化）（外语语种要求参考《天津中医药大学2025年普通本科招生章程》第十五条）,596,10046,https://www.gaokao.cn/school/89/provinceline?fromcoop=bdkp
89,天津中医药大学天津静海区,,,,,首选物理，再选化学,,,中西医临床医学（南开临床学院班）（外语语种要求参考《天津中医药大学2025年普通本科招生章程》第十五条）,591,12233,https://www.gaokao.cn/school/89/provinceline?fromcoop=bdkp
89,天津中医药大学天津静海区,,,,,首选物理，再选化学,,,中医学类（中医学、针灸推拿学、中医康复学、中医养生学、中医骨伤科学）（外语语种要求参考《天津中医药大学2025年普通本科招生章程》第十五条）,573,20173,https://www.gaokao.cn/school/89/provinceline?fromcoop=bdkp
89,天津中医药大学天津静海区,,,,,首选物理，再选化学,,,临床药学（外语语种要求参考《天津中医药大学2025年普通本科招生章程》第十五条）,562,26923,https://www.gaokao.cn/school/89/provinceline?fromcoop=bdkp
89,天津中医药大学天津静海区,,,,,首选物理，再选化学,,,应用统计学（外语语种要求参考《天津中医药大学2025年普通本科招生章程》第十五条）,555,31131,https://www.gaokao.cn/school/89/provinceline?fromcoop=bdkp
90,天津职业技术师范大学天津河西区,2025,本科批,普通类,专业组（502）,首选物理，再选化学,501,82802,,,,https://www.gaokao.cn/school/90/provinceline?fromcoop=bdkp
90,天津职业技术师范大学天津河西区,2025,本科批,普通类,专业组（501）,首选物理，再选不限,495,90568,,,,https://www.gaokao.cn/school/90/provinceline?fromcoop=bdkp
90,天津职业技术师范大学天津河西区,,,,,首选物理，再选化学,,,软件工程,514,68148,https://www.gaokao.cn/school/90/provinceline?fromcoop=bdkp
90,天津职业技术师范大学天津河西区,,,,,首选物理，再选化学,,,材料成型及控制工程,507,74950,https://www.gaokao.cn/school/90/provinceline?fromcoop=bdkp
90,天津职业技术师范大学天津河西区,,,,,首选物理，再选化学,,,数学与应用数学（师范类）,507,74957,https://www.gaokao.cn/school/90/provinceline?fromcoop=bdkp
90,天津职业技术师范大学天津河西区,,,,,首选物理，再选化学,,,电子信息工程（师范类）,505,78190,https://www.gaokao.cn/school/90/provinceline?fromcoop=bdkp
90,天津职业技术师范大学天津河西区,,,,,首选物理，再选化学,,,电子科学与技术,502,81784,https://www.gaokao.cn/school/90/provinceline?fromcoop=bdkp
91,天津城建大学天津西青区,2025,本科批,普通类,专业组（503）,首选物理，再选化学,520,61350,,,,https://www.gaokao.cn/school/91/provinceline?fromcoop=bdkp
91,天津城建大学天津西青区,2025,本科批,普通类,专业组（501）,首选物理，再选不限,457,139964,,,,https://www.gaokao.cn/school/91/provinceline?fromcoop=bdkp
91,天津城建大学天津西青区,,,,,首选物理，再选化学,,,电气工程及其自动化,537,45155,https://www.gaokao.cn/school/91/provinceline?fromcoop=bdkp
91,天津城建大学天津西青区,,,,,首选物理，再选化学,,,人工智能,531,50728,https://www.gaokao.cn/school/91/provinceline?fromcoop=bdkp
91,天津城建大学天津西青区,,,,,首选物理，再选化学,,,自动化,530,50988,https://www.gaokao.cn/school/91/provinceline?fromcoop=bdkp
91,天津城建大学天津西青区,,,,,首选物理，再选化学,,,智能制造工程,529,52458,https://www.gaokao.cn/school/91/provinceline?fromcoop=bdkp
91,天津城建大学天津西青区,,,,,首选物理，再选化学,,,能源与动力工程,528,53322,https://www.gaokao.cn/school/91/provinceline?fromcoop=bdkp
92,天津体育学院天津河西区,2025,本科批,普通类,专业组（501）,首选物理，再选不限,495,89867,,,,https://www.gaokao.cn/school/92/provinceline?fromcoop=bdkp
92,天津体育学院天津河西区,,,,,首选物理，再选不限,,,运动人体科学,500,84027,https://www.gaokao.cn/school/92/provinceline?fromcoop=bdkp
92,天津体育学院天津河西区,,,,,首选物理，再选不限,,,大数据管理与应用,500,83572,https://www.gaokao.cn/school/92/provinceline?fromcoop=bdkp
92,天津体育学院天津河西区,,,,,首选物理，再选不限,,,应用心理学,498,86386,https://www.gaokao.cn/school/92/provinceline?fromcoop=bdkp
92,天津体育学院天津河西区,,,,,首选物理，再选不限,,,新闻学,495,89867,https://www.gaokao.cn/school/92/provinceline?fromcoop=bdkp
93,天津农学院天津西青区,2025,本科批,普通类,专业组（502）,首选物理，再选化学,504,78787,,,,https://www.gaokao.cn/school/93/provinceline?fromcoop=bdkp
93,天津农学院天津西青区,2025,本科批,普通类,专业组（501）,首选物理，再选化学,487,100090,,,,https://www.gaokao.cn/school/93/provinceline?fromcoop=bdkp
93,天津农学院天津西青区,2025,本科批,普通类,专业组（503）,首选物理，再选生物,467,127284,,,,https://www.gaokao.cn/school/93/provinceline?fromcoop=bdkp
93,天津农学院天津西青区,,,,,首选物理，再选化学,,,农业机械化及其自动化,529,52425,https://www.gaokao.cn/school/93/provinceline?fromcoop=bdkp
93,天津农学院天津西青区,,,,,首选物理，再选化学,,,动物医学,520,61527,https://www.gaokao.cn/school/93/provinceline?fromcoop=bdkp
93,天津农学院天津西青区,,,,,首选物理，再选化学,,,软件工程,518,63570,https://www.gaokao.cn/school/93/provinceline?fromcoop=bdkp
93,天津农学院天津西青区,,,,,首选物理，再选化学,,,动物医学（小动医方向）,515,67026,https://www.gaokao.cn/school/93/provinceline?fromcoop=bdkp
93,天津农学院天津西青区,,,,,首选物理，再选化学,,,水利水电工程,510,72197,https://www.gaokao.cn/school/93/provinceline?fromcoop=bdkp
95,天津美术学院天津河北区,2025,本科批,普通类,专业组（101）,首选历史，再选不限,539,16861,,,,https://www.gaokao.cn/school/95/provinceline?fromcoop=bdkp
95,天津美术学院天津河北区,,,,,首选历史，再选不限,,,美术学,541,16050,https://www.gaokao.cn/school/95/provinceline?fromcoop=bdkp
95,天津美术学院天津河北区,,,,,首选历史，再选不限,,,艺术管理,539,16861,https://www.gaokao.cn/school/95/provinceline?fromcoop=bdkp
96,广西大学广西南宁市,2025,本科批,普通类,专业组（501）,首选物理，再选化学,557,30214,,,,https://www.gaokao.cn/school/96/provinceline?fromcoop=bdkp
96,广西大学广西南宁市,2025,高校专项计划批,高校专项计划,专业组（502）,首选物理，再选化学,578,17994,,,,https://www.gaokao.cn/school/96/provinceline?fromcoop=bdkp
96,广西大学广西南宁市,,,,,首选物理，再选化学,,,电气工程及其自动化,592,11893,https://www.gaokao.cn/school/96/provinceline?fromcoop=bdkp
96,广西大学广西南宁市,,,,,首选物理，再选化学,,,计算机科学与技术,589,13073,https://www.gaokao.cn/school/96/provinceline?fromcoop=bdkp
96,广西大学广西南宁市,,,,,首选物理，再选化学,,,电子科学与技术,585,14815,https://www.gaokao.cn/school/96/provinceline?fromcoop=bdkp
96,广西大学广西南宁市,,,,,首选物理，再选化学,,,人工智能,582,16139,https://www.gaokao.cn/school/96/provinceline?fromcoop=bdkp
96,广西大学广西南宁市,,,,,首选物理，再选化学,,,材料科学与工程,573,20570,https://www.gaokao.cn/school/96/provinceline?fromcoop=bdkp
97,兰州大学甘肃兰州市,2025,本科批,普通类,专业组（502）,首选物理，再选化学,599,9176,,,,https://www.gaokao.cn/school/97/provinceline?fromcoop=bdkp
97,兰州大学甘肃兰州市,2025,本科批,普通类,专业组（503）,首选物理，再选化学,584,14956,,,,https://www.gaokao.cn/school/97/provinceline?fromcoop=bdkp
97,兰州大学甘肃兰州市,2025,本科批,普通类,专业组（501）,首选物理，再选不限,584,15158,,,,https://www.gaokao.cn/school/97/provinceline?fromcoop=bdkp
97,兰州大学甘肃兰州市,2025,本科批,国家专项,专业组（563）,首选物理，再选化学,587,13837,,,,https://www.gaokao.cn/school/97/provinceline?fromcoop=bdkp
97,兰州大学甘肃兰州市,2025,本科批,国家专项,专业组（562）,首选物理，再选化学,586,14057,,,,https://www.gaokao.cn/school/97/provinceline?fromcoop=bdkp
97,兰州大学甘肃兰州市,,,,,首选物理，再选化学,,,微电子科学与工程（集成电路设计与应用创新班）,614,5034,https://www.gaokao.cn/school/97/provinceline?fromcoop=bdkp
97,兰州大学甘肃兰州市,,,,,首选物理，再选化学,,,计算机类（含基地班）（计算机科学与技术、数据科学与大数据技术）,613,5392,https://www.gaokao.cn/school/97/provinceline?fromcoop=bdkp
97,兰州大学甘肃兰州市,,,,,首选物理，再选化学,,,电子信息类（含基地班）（电子信息科学与技术、通信工程、人工智能）,612,5677,https://www.gaokao.cn/school/97/provinceline?fromcoop=bdkp
97,兰州大学甘肃兰州市,,,,,首选物理，再选化学,,,核工程与核技术,611,5731,https://www.gaokao.cn/school/97/provinceline?fromcoop=bdkp
97,兰州大学甘肃兰州市,,,,,首选物理，再选化学,,,信息与计算科学（先进计算创新班）,611,5846,https://www.gaokao.cn/school/97/provinceline?fromcoop=bdkp
98,华南师范大学广东广州市,2025,本科批,普通类,专业组（503）,首选物理，再选化学,601,8682,,,,https://www.gaokao.cn/school/98/provinceline?fromcoop=bdkp
98,华南师范大学广东广州市,2025,本科批,普通类,专业组（502）,首选物理，再选化学,585,14815,,,,https://www.gaokao.cn/school/98/provinceline?fromcoop=bdkp
98,华南师范大学广东广州市,2025,本科批,普通类,专业组（501）,首选物理，再选不限,584,15220,,,,https://www.gaokao.cn/school/98/provinceline?fromcoop=bdkp
98,华南师范大学广东广州市,,,,,首选物理，再选化学,,,物理学（基地班）,601,8682,https://www.gaokao.cn/school/98/provinceline?fromcoop=bdkp
98,华南师范大学广东广州市,,,,,首选物理，再选化学,,,物理学（师范类）,591,12269,https://www.gaokao.cn/school/98/provinceline?fromcoop=bdkp
98,华南师范大学广东广州市,,,,,首选物理，再选化学,,,光电信息科学与工程,588,13506,https://www.gaokao.cn/school/98/provinceline?fromcoop=bdkp
98,华南师范大学广东广州市,,,,,首选物理，再选化学,,,应用统计学,587,13924,https://www.gaokao.cn/school/98/provinceline?fromcoop=bdkp
98,华南师范大学广东广州市,,,,,首选物理，再选不限,,,应用心理学,585,14815,https://www.gaokao.cn/school/98/provinceline?fromcoop=bdkp
99,四川大学四川成都市,2025,本科批,普通类,专业组（503）,首选物理，再选化学,649,630,,,,https://www.gaokao.cn/school/99/provinceline?fromcoop=bdkp
99,四川大学四川成都市,2025,本科批,普通类,专业组（504）,首选物理，再选化学,643,986,,,,https://www.gaokao.cn/school/99/provinceline?fromcoop=bdkp
99,四川大学四川成都市,2025,本科批,普通类,专业组（502）,首选物理，再选化学,627,2637,,,,https://www.gaokao.cn/school/99/provinceline?fromcoop=bdkp
99,四川大学四川成都市,2025,本科批,普通类,专业组（501）,首选物理，再选化学,611,5695,,,,https://www.gaokao.cn/school/99/provinceline?fromcoop=bdkp
99,四川大学四川成都市,2025,本科批,普通类,专业组（505）,首选物理，再选化学,584,15164,,,,https://www.gaokao.cn/school/99/provinceline?fromcoop=bdkp
99,四川大学四川成都市,,,,,首选物理，再选化学,,,临床医学（八年医）,649,630,https://www.gaokao.cn/school/99/provinceline?fromcoop=bdkp
99,四川大学四川成都市,,,,,首选物理，再选化学,,,口腔医学（5+3一体化）,643,986,https://www.gaokao.cn/school/99/provinceline?fromcoop=bdkp
99,四川大学四川成都市,,,,,首选物理，再选化学,,,口腔医学,633,1862,https://www.gaokao.cn/school/99/provinceline?fromcoop=bdkp
99,四川大学四川成都市,,,,,首选物理，再选化学,,,临床医学,627,2637,https://www.gaokao.cn/school/99/provinceline?fromcoop=bdkp
99,四川大学四川成都市,,,,,首选物理，再选化学,,,电子信息类（电子信息工程、光电信息科学与工程、通信工程）,624,3043,https://www.gaokao.cn/school/99/provinceline?fromcoop=bdkp
100,四川农业大学四川成都市,2025,本科批,普通类,专业组（501）,首选物理，再选不限,565,25027,,,,https://www.gaokao.cn/school/100/provinceline?fromcoop=bdkp
100,四川农业大学四川成都市,2025,本科批,普通类,专业组（502）,首选物理，再选化学,565,24960,,,,https://www.gaokao.cn/school/100/provinceline?fromcoop=bdkp
100,四川农业大学四川成都市,,,,,首选物理，再选化学,,,电气工程及其自动化（办学地点：四川农业大学雅安校区）,587,13809,https://www.gaokao.cn/school/100/provinceline?fromcoop=bdkp
100,四川农业大学四川成都市,,,,,首选物理，再选化学,,,计算机科学与技术（办学地点：四川农业大学雅安校区）,585,14655,https://www.gaokao.cn/school/100/provinceline?fromcoop=bdkp
100,四川农业大学四川成都市,,,,,首选物理，再选化学,,,数据科学与大数据技术（办学地点：四川农业大学雅安校区）,582,15906,https://www.gaokao.cn/school/100/provinceline?fromcoop=bdkp
100,四川农业大学四川成都市,,,,,首选物理，再选化学,,,能源与动力工程（办学地点：四川农业大学雅安校区）,581,16388,https://www.gaokao.cn/school/100/provinceline?fromcoop=bdkp
100,四川农业大学四川成都市,,,,,首选物理，再选化学,,,动物医学,580,16792,https://www.gaokao.cn/school/100/provinceline?fromcoop=bdkp
101,西南财经大学四川成都市,2025,本科批,普通类,专业组（502）,首选物理，再选化学,598,9483,,,,https://www.gaokao.cn/school/101/provinceline?fromcoop=bdkp
101,西南财经大学四川成都市,2025,本科批,普通类,专业组（501）,首选物理，再选不限,589,12891,,,,https://www.gaokao.cn/school/101/provinceline?fromcoop=bdkp
101,西南财经大学四川成都市,2025,本科批,国家专项,专业组（562）,首选物理，再选化学,602,8330,,,,https://www.gaokao.cn/school/101/provinceline?fromcoop=bdkp
101,西南财经大学四川成都市,2025,本科批,国家专项,专业组（561）,首选物理，再选不限,574,19889,,,,https://www.gaokao.cn/school/101/provinceline?fromcoop=bdkp
101,西南财经大学四川成都市,,,,,首选物理，再选不限,,,会计学（注册会计师专门化方向）,607,6740,https://www.gaokao.cn/school/101/provinceline?fromcoop=bdkp
101,西南财经大学四川成都市,,,,,首选物理，再选化学,,,计算机科学与技术（基础学科拔尖实验班）（学生人驻刘诗白书院，实行大类培养自由分流，大一第二学期根据意愿在数字经济、计算机科学与技术和数学与应用数学3个基础学科拔尖实验班专业中自由选择专业学习）,606,7158,https://www.gaokao.cn/school/101/provinceline?fromcoop=bdkp
101,西南财经大学四川成都市,,,,,首选物理，再选化学,,,数学与应用数学（基础学科拔尖实验班）（学生人驻刘诗白书院，实行大类培养自由分流，大一第二学期根据意愿在数字经济、计算机科学与技术和数学与应用数学3个基础学科拔尖实验班专业中自由选择专业学习）,603,8009,https://www.gaokao.cn/school/101/provinceline?fromcoop=bdkp
101,西南财经大学四川成都市,,,,,首选物理，再选化学,,,计算机类（国家专项）（人工智能、计算机科学与技术、网络空间安全、数据科学与大数据技术）,602,8330,https://www.gaokao.cn/school/101/provinceline?fromcoop=bdkp
101,西南财经大学四川成都市,,,,,首选物理，再选不限,,,财政学类（国家专项）（财政学、税收学）,601,8570,https://www.gaokao.cn/school/101/provinceline?fromcoop=bdkp
102,厦门大学福建厦门市,2025,本科批,普通类,专业组（503）,首选物理，再选化学,624,3185,,,,https://www.gaokao.cn/school/102/provinceline?fromcoop=bdkp
102,厦门大学福建厦门市,2025,本科批,普通类,专业组（501）,首选物理，再选不限,617,4348,,,,https://www.gaokao.cn/school/102/provinceline?fromcoop=bdkp
102,厦门大学福建厦门市,2025,本科批,普通类,专业组（502）,首选物理，再选化学,616,4726,,,,https://www.gaokao.cn/school/102/provinceline?fromcoop=bdkp
102,厦门大学福建厦门市,2025,本科批,国家专项,专业组（561）,首选物理，再选化学,609,6313,,,,https://www.gaokao.cn/school/102/provinceline?fromcoop=bdkp
102,厦门大学福建厦门市,2025,高校专项计划批,高校专项计划,专业组（505）,首选物理，再选化学,606,7158,,,,https://www.gaokao.cn/school/102/provinceline?fromcoop=bdkp
102,厦门大学福建厦门市,,,,,首选物理，再选化学,,,计算机类（计算机科学与技术、网络空间安全、人工智能、软件工程）（软件工程专业三、四年级按学分收费，400元/学分，两年不超过80学分）,626,2795,https://www.gaokao.cn/school/102/provinceline?fromcoop=bdkp
102,厦门大学福建厦门市,,,,,首选物理，再选化学,,,电子信息类（电子信息工程、集成电路设计与集成系统、微电子科学与工程、电子信息科学与技术、通信工程）（集成电路设计与集成系统专业三、四年级按学分收费，400元/学分，两年不超过80学分）,626,2877,https://www.gaokao.cn/school/102/provinceline?fromcoop=bdkp
102,厦门大学福建厦门市,,,,,首选物理，再选化学,,,工科试验班（化工与材料类）（化学工程与工艺、材料科学与工程）,624,3185,https://www.gaokao.cn/school/102/provinceline?fromcoop=bdkp
102,厦门大学福建厦门市,,,,,首选物理，再选化学,,,能源动力类（新能源科学与工程、储能科学与工程）,624,3151,https://www.gaokao.cn/school/102/provinceline?fromcoop=bdkp
102,厦门大学福建厦门市,,,,,首选物理，再选化学,,,"工科试验班（航空航天,含双学士学位项目）（机械设计制造及其自动化、测控技术与仪器、自动化、飞行器设计与工程、飞行器动力工程）（含飞行器设计与工程+海洋技术双学士学位项目。专业分流后到飞行器动力工程、飞行器设计与工程专业学费6760元/学年）",624,3148,https://www.gaokao.cn/school/102/provinceline?fromcoop=bdkp
103,福州大学福建福州市,2025,本科批,普通类,专业组（502）,首选物理，再选化学,596,10338,,,,https://www.gaokao.cn/school/103/provinceline?fromcoop=bdkp
103,福州大学福建福州市,2025,本科批,闽台合作,专业组（504）,首选物理，再选化学,590,12301,,,,https://www.gaokao.cn/school/103/provinceline?fromcoop=bdkp
103,福州大学福建福州市,2025,本科批,国家专项,专业组（561）,首选物理，再选化学,580,16718,,,,https://www.gaokao.cn/school/103/provinceline?fromcoop=bdkp
103,福州大学福建福州市,2025,本科批,地矿组,专业组（503）,首选物理，再选化学,572,20939,,,,https://www.gaokao.cn/school/103/provinceline?fromcoop=bdkp
103,福州大学福建福州市,2025,本科批,闽台合作,专业组（501）,首选物理，再选不限,569,22348,,,,https://www.gaokao.cn/school/103/provinceline?fromcoop=bdkp
103,福州大学福建福州市,,,,,首选物理，再选化学,,,电气工程及其自动化（第一学年在福州市铜盘校区培养，专业体检要求详见招生章程）,602,8285,https://www.gaokao.cn/school/103/provinceline?fromcoop=bdkp
103,福州大学福建福州市,,,,,首选物理，再选化学,,,机械设计制造及其自动化（第一学年在福州市铜盘校区培养，专业体检要求详见招生章程）,599,9249,https://www.gaokao.cn/school/103/provinceline?fromcoop=bdkp
103,福州大学福建福州市,,,,,首选物理，再选化学,,,数据科学与大数据技术（第一学年在福州市铜盘校区培养，专业体检要求详见招生章程）,598,9433,https://www.gaokao.cn/school/103/provinceline?fromcoop=bdkp
103,福州大学福建福州市,,,,,首选物理，再选化学,,,微电子科学与工程（第一学年在福州市铜盘校区培养，专业体检要求详见招生章程）,598,9576,https://www.gaokao.cn/school/103/provinceline?fromcoop=bdkp
103,福州大学福建福州市,,,,,首选物理，再选化学,,,集成电路设计与集成系统（国家专项）（第一学年在福州市铜盘校区培养，专业体检要求详见招生章程）,597,9836,https://www.gaokao.cn/school/103/provinceline?fromcoop=bdkp
104,中山大学广东广州市,2025,本科批,普通类,专业组（503）,首选物理，再选化学,628,2551,,,,https://www.gaokao.cn/school/104/provinceline?fromcoop=bdkp
104,中山大学广东广州市,2025,本科批,普通类,专业组（502）,首选物理，再选化学,626,2755,,,,https://www.gaokao.cn/school/104/provinceline?fromcoop=bdkp
104,中山大学广东广州市,2025,本科批,普通类,专业组（501）,首选物理，再选不限,620,3802,,,,https://www.gaokao.cn/school/104/provinceline?fromcoop=bdkp
104,中山大学广东广州市,2025,本科批,国家专项,专业组（561）,首选物理，再选化学,609,6251,,,,https://www.gaokao.cn/school/104/provinceline?fromcoop=bdkp
104,中山大学广东广州市,,,,,首选物理，再选化学,,,临床医学（八年医）（不招色盲色弱）,640,1259,https://www.gaokao.cn/school/104/provinceline?fromcoop=bdkp
104,中山大学广东广州市,,,,,首选物理，再选化学,,,计算机类（计算机科学与技术、信息与计算科学）,636,1649,https://www.gaokao.cn/school/104/provinceline?fromcoop=bdkp
104,中山大学广东广州市,,,,,首选物理，再选化学,,,微电子科学与工程（办学地点：深圳校区）,633,1952,https://www.gaokao.cn/school/104/provinceline?fromcoop=bdkp
104,中山大学广东广州市,,,,,首选物理，再选化学,,,软件工程（办学地点：珠海校区）,631,2096,https://www.gaokao.cn/school/104/provinceline?fromcoop=bdkp
104,中山大学广东广州市,,,,,首选物理，再选化学,,,机械工程（办学地点：深圳校区）,630,2290,https://www.gaokao.cn/school/104/provinceline?fromcoop=bdkp
105,华南理工大学广东广州市,2025,本科批,普通类,专业组（502）,首选物理，再选化学,633,1902,,,,https://www.gaokao.cn/school/105/provinceline?fromcoop=bdkp
105,华南理工大学广东广州市,2025,本科批,普通类,专业组（501）,首选物理，再选不限,620,3789,,,,https://www.gaokao.cn/school/105/provinceline?fromcoop=bdkp
105,华南理工大学广东广州市,2025,本科批,普通类,专业组（503）,首选物理，再选化学,617,4392,,,,https://www.gaokao.cn/school/105/provinceline?fromcoop=bdkp
105,华南理工大学广东广州市,2025,本科批,普通类,专业组（504）,首选物理，再选化学,612,5552,,,,https://www.gaokao.cn/school/105/provinceline?fromcoop=bdkp
105,华南理工大学广东广州市,2025,本科批,普通类,专业组（505）,首选物理，再选化学,609,6306,,,,https://www.gaokao.cn/school/105/provinceline?fromcoop=bdkp
105,华南理工大学广东广州市,,,,,首选物理，再选化学,,,工科试验班（AI先进技术拔尖班）（计算机科学与技术（拔尖基地班）、信息工程（拔尖班）、自动化（拔尖班））,635,1741,https://www.gaokao.cn/school/105/provinceline?fromcoop=bdkp
105,华南理工大学广东广州市,,,,,首选物理，再选化学,,,工科试验班（卓越人才班）（电气工程及其自动化（卓越班）、能源与动力工程（低碳与智慧能源卓越班）、软件工程（卓越班）、软件工程（GY软件卓越班）、电子科学与技术（卓越班）、食品科学与工程（未来食品卓越班））,633,1964,https://www.gaokao.cn/school/105/provinceline?fromcoop=bdkp
105,华南理工大学广东广州市,,,,,首选物理，再选化学,,,计算机类（计算机科学与技术、网络工程、信息安全）,628,2578,https://www.gaokao.cn/school/105/provinceline?fromcoop=bdkp
105,华南理工大学广东广州市,,,,,首选物理，再选化学,,,电气类（电气工程及其自动化、能源与动力工程）,628,2578,https://www.gaokao.cn/school/105/provinceline?fromcoop=bdkp
105,华南理工大学广东广州市,,,,,首选物理，再选化学,,,工科试验班（AI与低空技术）（智能科学与技术、低空技术与工程）,628,2578,https://www.gaokao.cn/school/105/provinceline?fromcoop=bdkp
106,暨南大学广东广州市,2025,本科批,普通类,专业组（505）,首选物理，再选化学,609,6184,,,,https://www.gaokao.cn/school/106/provinceline?fromcoop=bdkp
106,暨南大学广东广州市,2025,本科批,普通类,专业组（504）,首选物理，再选化学,595,10426,,,,https://www.gaokao.cn/school/106/provinceline?fromcoop=bdkp
106,暨南大学广东广州市,2025,本科批,普通类,专业组（503）,首选物理，再选化学,595,10583,,,,https://www.gaokao.cn/school/106/provinceline?fromcoop=bdkp
106,暨南大学广东广州市,2025,本科批,普通类,专业组（501）,首选物理，再选不限,595,10605,,,,https://www.gaokao.cn/school/106/provinceline?fromcoop=bdkp
106,暨南大学广东广州市,2025,本科批,国家专项,专业组（562）,首选物理，再选化学,597,9710,,,,https://www.gaokao.cn/school/106/provinceline?fromcoop=bdkp
106,暨南大学广东广州市,,,,,首选物理，再选化学,,,口腔医学（不招收色盲色弱考生）,610,6091,https://www.gaokao.cn/school/106/provinceline?fromcoop=bdkp
106,暨南大学广东广州市,,,,,首选物理，再选化学,,,临床医学（校本部班）（不招收色盲色弱考生）,609,6184,https://www.gaokao.cn/school/106/provinceline?fromcoop=bdkp
106,暨南大学广东广州市,,,,,首选物理，再选化学,,,人工智能（国家专项）（办学地点：珠海校区）,606,7067,https://www.gaokao.cn/school/106/provinceline?fromcoop=bdkp
106,暨南大学广东广州市,,,,,首选物理，再选化学,,,人工智能（办学地点：珠海校区）,601,8385,https://www.gaokao.cn/school/106/provinceline?fromcoop=bdkp
106,暨南大学广东广州市,,,,,首选物理，再选不限,,,信息管理与信息系统,599,9091,https://www.gaokao.cn/school/106/provinceline?fromcoop=bdkp
107,西北工业大学陕西西安市,2025,本科批,普通类,专业组（501）,首选物理，再选化学,633,1934,,,,https://www.gaokao.cn/school/107/provinceline?fromcoop=bdkp
107,西北工业大学陕西西安市,2025,本科批,中外合作办学,专业组（503）,首选物理，再选化学,611,5824,,,,https://www.gaokao.cn/school/107/provinceline?fromcoop=bdkp
107,西北工业大学陕西西安市,2025,本科批,国家专项,专业组（561）,首选物理，再选化学,609,6223,,,,https://www.gaokao.cn/school/107/provinceline?fromcoop=bdkp
107,西北工业大学陕西西安市,2025,本科批,中外合作办学,专业组（502）,首选物理，再选化学,607,6760,,,,https://www.gaokao.cn/school/107/provinceline?fromcoop=bdkp
107,西北工业大学陕西西安市,,,,,首选物理，再选化学,,,航空航天类（智慧三航拔尖班）（飞行器设计与工程、计算机科学与技术）,637,1537,https://www.gaokao.cn/school/107/provinceline?fromcoop=bdkp
107,西北工业大学陕西西安市,,,,,首选物理，再选化学,,,航空航天类（黄玉珊航空班）（飞行器设计与工程）,637,1483,https://www.gaokao.cn/school/107/provinceline?fromcoop=bdkp
107,西北工业大学陕西西安市,,,,,首选物理，再选化学,,,自动化类（自动化、电气工程及其自动化、机器人工程）（专业分流时，100类内专业任选）,636,1599,https://www.gaokao.cn/school/107/provinceline?fromcoop=bdkp
107,西北工业大学陕西西安市,,,,,首选物理，再选化学,,,航空航天类（航天）（飞行器设计与工程、飞行器动力工程、飞行器控制与信息工程、航空航天工程）（专业分流时，100类内专业任选）,634,1754,https://www.gaokao.cn/school/107/provinceline?fromcoop=bdkp
107,西北工业大学陕西西安市,,,,,首选物理，再选化学,,,航空航天类（航空）（飞行器设计与工程、飞行器控制与信息工程、航空航天工程）（专业分流时，100类内专业任选）,633,1930,https://www.gaokao.cn/school/107/provinceline?fromcoop=bdkp
108,南昌大学江西南昌市,2025,本科批,普通类,专业组（504）,首选物理，再选化学,596,10298,,,,https://www.gaokao.cn/school/108/provinceline?fromcoop=bdkp
108,南昌大学江西南昌市,2025,本科批,普通类,专业组（50A）,首选物理，再选化学、生物(2科必选),596,10217,,,,https://www.gaokao.cn/school/108/provinceline?fromcoop=bdkp
108,南昌大学江西南昌市,2025,本科批,普通类,专业组（501）,首选物理，再选不限,586,14066,,,,https://www.gaokao.cn/school/108/provinceline?fromcoop=bdkp
108,南昌大学江西南昌市,2025,本科批,普通类,专业组（507）,首选物理，再选化学,581,16491,,,,https://www.gaokao.cn/school/108/provinceline?fromcoop=bdkp
108,南昌大学江西南昌市,2025,本科批,普通类,专业组（503）,首选物理，再选不限,578,17884,,,,https://www.gaokao.cn/school/108/provinceline?fromcoop=bdkp
108,南昌大学江西南昌市,,,,,首选物理，再选化学,,,电气工程及其自动化,600,8773,https://www.gaokao.cn/school/108/provinceline?fromcoop=bdkp
108,南昌大学江西南昌市,,,,,首选物理，再选化学,,,计算机科学与技术（不招单色不能识别的考生）,599,9195,https://www.gaokao.cn/school/108/provinceline?fromcoop=bdkp
108,南昌大学江西南昌市,,,,,首选物理，再选化学,,,电气工程及其自动化（苏区专项）,598,9454,https://www.gaokao.cn/school/108/provinceline?fromcoop=bdkp
108,南昌大学江西南昌市,,,,,首选物理，再选化学,,,人工智能,598,9504,https://www.gaokao.cn/school/108/provinceline?fromcoop=bdkp
108,南昌大学江西南昌市,,,,,首选物理，再选化学,,,数据科学与大数据技术,597,9979,https://www.gaokao.cn/school/108/provinceline?fromcoop=bdkp
